,conc_water,conc_co2,conc_nh3,r_1,g_1,b_1,r_4,g_4,b_4,r_23,g_23,b_23,r_145,g_145,b_145
1000_0_0_0,0.0,10,0,171.81843971631207,168.0695035460993,200.53191489361703,221.58861788617887,212.74634146341464,228.29918699186996,155.9135802469136,204.2798353909465,231.9135802469136,253.51282051282053,237.03076923076924,120.35042735042737
1000_0_0_1,0.0,10,0,172.65106382978723,168.090780141844,200.53191489361703,222.3284552845529,212.7089430894309,227.88292682926829,156.07407407407408,203.51851851851853,232.85185185185188,253.45811965811967,237.1179487179487,119.64786324786324
1000_0_0_2,0.0,10,0,172.09787234042554,168.0695035460993,200.28936170212768,221.82276422764227,212.45528455284557,228.6130081300813,156.02880658436214,203.34979423868316,232.85185185185188,253.51282051282053,237.0871794871795,120.35042735042737
1000_0_0_3,0.0,10,0,172.5390070921986,167.86808510638298,199.59290780141845,221.82276422764227,212.4,227.91869918699183,156.07407407407408,204.01646090534985,233.3497942386832,253.43076923076924,236.76068376068372,118.62735042735042
1000_0_0_4,0.0,10,0,172.48794326241136,168.15460992907802,200.53191489361703,221.49268292682927,212.42439024390245,228.15121951219515,155.53497942386832,203.4897119341564,233.0905349794239,253.51282051282053,236.8188034188034,119.26153846153846
1000_0_0_5,0.0,10,0,172.16595744680853,168.03829787234045,200.13191489361705,221.5235772357724,212.42439024390245,227.7918699186992,155.97119341563788,203.8683127572017,232.0658436213992,253.5931623931624,237.2615384615385,119.4888888888889
1000_0_0_6,0.0,10,0,171.91205673758867,168.06099290780142,200.1347517730497,221.5235772357724,212.7089430894309,228.38536585365853,155.19341563786008,203.34979423868316,232.85185185185188,253.3880341880342,237.15042735042732,120.11965811965813
1000_0_0_7,0.0,10,0,172.16595744680853,167.8780141843972,200.13191489361705,222.20975609756096,212.45528455284557,227.88292682926829,155.42798353909467,203.48559670781896,233.5761316872428,253.51282051282053,236.68205128205128,119.44444444444444
1000_0_0_8,0.0,10,0,172.16595744680853,168.08652482269505,200.44113475177303,221.4162601626016,212.74634146341464,228.20162601626012,155.00823045267492,203.9423868312757,232.6090534979424,253.48717948717947,237.03760683760683,119.4888888888889
1000_0_0_9,0.0,10,0,171.6808510638298,168.08652482269505,199.91489361702128,221.82276422764227,212.72357723577235,228.6910569105691,156.45267489711935,203.34979423868316,232.6502057613169,253.48717948717947,236.68205128205128,120.11282051282052
2000_0_0_0,0.0,20,0,171.43971631205676,168.42695035460994,201.5404255319149,221.9268292682927,213.5121951219512,226.97073170731707,153.99588477366257,207.65432098765436,229.37448559670784,253.56752136752135,237.44273504273505,119.0974358974359
2000_0_0_1,0.0,20,0,172.42695035460994,168.67375886524823,200.02553191489363,221.469918699187,213.5788617886179,227.9008130081301,153.34156378600824,207.25925925925927,230.3703703703704,253.4564102564103,237.55555555555557,119.72478632478632
2000_0_0_2,0.0,20,0,171.43971631205676,168.92340425531916,200.7234042553192,221.40325203252036,213.35284552845528,227.9008130081301,153.96707818930042,207.7777777777778,230.20576131687244,253.5794871794872,237.65128205128204,119.65811965811966
2000_0_0_3,0.0,20,0,172.13475177304966,168.2595744680851,200.5631205673759,221.6260162601626,213.3284552845529,227.7089430894309,153.96707818930042,207.53909465020575,228.45267489711932,253.6974358974359,237.38119658119655,119.3863247863248
2000_0_0_4,0.0,20,0,172.04822695035463,168.47659574468085,200.8070921985816,221.82439024390243,213.2130081300813,227.69430894308945,153.4238683127572,206.69547325102883,229.5308641975309,253.65299145299144,237.67521367521368,119.65811965811966
2000_0_0_5,0.0,20,0,172.42695035460994,168.22695035460995,200.67517730496456,221.82439024390243,213.2130081300813,226.9821138211382,153.0987654320988,207.31687242798355,229.5308641975309,253.65299145299144,237.56068376068376,119.95555555555556
2000_0_0_6,0.0,20,0,171.23971631205674,168.24822695035462,200.8326241134752,221.4406504065041,212.96747967479675,226.82439024390243,153.96707818930042,207.65432098765436,229.70370370370367,253.55726495726492,237.34188034188037,119.8923076923077
2000_0_0_7,0.0,20,0,172.10354609929078,168.47659574468085,200.02553191489363,221.32682926829267,213.3869918699187,227.24552845528456,153.99588477366257,207.31687242798355,229.5308641975309,253.5367521367521,237.1094017094017,119.88547008547008
2000_0_0_8,0.0,20,0,171.47659574468085,168.59148936170214,200.02553191489363,221.40325203252036,213.40650406504065,227.71544715447155,153.18930041152265,207.00000000000003,229.71604938271608,253.5794871794872,237.65128205128204,119.63589743589743
2000_0_0_9,0.0,20,0,171.43971631205676,168.22695035460995,200.5631205673759,221.32682926829267,213.7252032520325,227.9008130081301,153.18930041152265,207.00000000000003,229.5308641975309,253.65299145299144,237.3059829059829,119.0974358974359
0_100_0_0,0.0,0,1,193.6780141843972,195.8808510638298,203.40567375886525,225.51382113821137,211.6130081300813,227.44878048780487,226.57201646090536,209.2880658436214,224.0576131687243,243.9025641025641,186.33333333333331,138.52307692307693
0_100_0_1,0.0,0,1,196.7631205673759,195.6992907801419,202.25957446808516,226.26341463414636,211.56585365853655,228.09756097560972,224.48559670781896,208.5925925925926,224.0123456790124,242.92307692307693,185.30769230769232,138.4051282051282
0_100_0_2,0.0,0,1,194.1460992907801,196.86382978723407,203.75602836879435,226.26341463414636,211.62926829268287,227.44878048780487,223.50205761316877,208.79835390946505,224.0123456790124,243.9025641025641,177.8034188034188,137.57606837606838
0_100_0_3,0.0,0,1,193.336170212766,195.21843971631208,203.12198581560284,226.09268292682927,211.5739837398374,228.92845528455285,225.045267489712,209.1604938271605,224.0576131687243,246.47521367521367,186.5162393162393,138.4051282051282
0_100_0_4,0.0,0,1,193.1617021276596,197.42695035460997,202.25957446808516,225.85365853658536,211.63252032520325,228.34471544715447,225.14814814814815,208.6502057613169,224.3045267489712,243.85811965811965,186.33333333333331,136.83760683760684
0_100_0_5,0.0,0,1,191.4397163120568,199.0695035460993,204.3063829787234,226.06341463414637,211.40162601626017,229.5609756097561,224.11522633744855,208.6748971193416,223.23045267489715,245.2871794871795,185.30769230769232,138.82905982905982
0_100_0_6,0.0,0,1,193.336170212766,197.42695035460997,204.3063829787234,227.2650406504065,211.65365853658537,228.97886178861788,224.38271604938276,208.6502057613169,221.4567901234568,245.2871794871795,186.33333333333331,138.93162393162393
0_100_0_7,0.0,0,1,192.8709219858156,196.86382978723407,203.14326241134756,226.12845528455284,212.0260162601626,229.35934959349592,224.11522633744855,208.79012345679016,223.23045267489715,244.165811965812,186.0888888888889,138.93162393162393
0_100_0_8,0.0,0,1,197.69503546099293,195.8808510638298,204.05957446808512,226.2048780487805,211.5707317073171,228.33821138211383,224.39917695473247,208.6584362139918,221.4567901234568,244.582905982906,191.2153846153846,137.94358974358974
0_100_0_9,0.0,0,1,193.38014184397164,195.6992907801419,204.05957446808512,226.2048780487805,211.469918699187,228.34471544715447,225.045267489712,208.79012345679016,222.93827160493828,244.7333333333333,186.96752136752136,139.4854700854701
500_200_0_0,0.0,5,2,210.76453900709225,205.622695035461,203.36453900709225,225.77235772357724,210.72032520325203,232.23089430894308,227.51851851851853,207.761316872428,226.5308641975309,237.8051282051282,171.74358974358975,143.66837606837606
500_200_0_1,0.0,5,2,214.2056737588653,205.6808510638298,202.4326241134752,226.7089430894309,211.1691056910569,230.9626016260163,226.8600823045268,207.49382716049385,226.5308641975309,237.03076923076924,171.87008547008546,143.66837606837606
500_200_0_2,0.0,5,2,210.76453900709225,204.6198581560284,202.57304964539009,227.07642276422763,210.4390243902439,231.3918699186992,226.87654320987656,208.3045267489712,225.83127572016463,239.0068376068376,172.30598290598292,144.65641025641025
500_200_0_3,0.0,5,2,211.7503546099291,205.25390070921983,202.4326241134752,227.07479674796747,210.939837398374,231.24552845528456,227.51851851851853,208.38683127572017,225.7695473251029,238.5299145299145,170.95897435897436,145.3863247863248
500_200_0_4,0.0,5,2,212.3971631205674,205.25390070921983,202.83829787234043,227.07642276422763,210.3089430894309,231.67154471544717,226.1604938271605,208.3045267489712,226.01646090534985,238.45299145299143,171.87008547008546,143.67521367521368
500_200_0_5,0.0,5,2,211.82836879432625,205.9645390070922,203.4184397163121,225.89105691056912,210.7918699186992,231.7934959349593,226.2510288065844,208.37448559670784,226.01646090534985,238.4017094017094,171.74358974358975,145.3863247863248
500_200_0_6,0.0,5,2,212.86382978723407,205.6808510638298,203.2780141843972,227.05853658536583,211.0878048780488,230.87479674796748,226.87654320987656,208.37448559670784,225.67901234567904,237.15384615384616,165.27350427350427,145.3863247863248
500_200_0_7,0.0,5,2,210.47517730496452,204.9872340425532,202.7489361702128,226.7089430894309,210.83414634146345,231.26178861788617,226.2510288065844,207.44032921810705,226.01646090534985,238.2153846153846,169.12991452991454,143.66837606837606
500_200_0_8,0.0,5,2,211.5858156028369,205.25390070921983,202.56879432624115,226.6780487804878,211.0878048780488,230.87479674796748,227.62962962962965,208.3045267489712,224.9218106995885,237.65299145299144,170.08034188034188,145.8803418803419
500_200_0_9,0.0,5,2,212.41560283687943,205.622695035461,203.30070921985816,226.6780487804878,210.69756097560972,231.55772357723575,227.51851851851853,208.38683127572017,226.61316872427983,237.03076923076924,170.95897435897436,143.67521367521368
2000_200_0_0,0.0,20,2,216.81418439716316,206.3744680851064,202.8340425531915,226.48292682926828,211.06666666666663,231.4471544715447,227.73251028806587,208.6584362139918,226.32510288065845,243.1623931623932,179.5145299145299,139.46495726495726
2000_200_0_1,0.0,20,2,216.33900709219856,206.3744680851064,203.15035460992908,227.08943089430892,210.54959349593497,231.4471544715447,228.00000000000003,208.45267489711932,226.18930041152265,243.1623931623932,179.62051282051283,139.77606837606837
2000_200_0_2,0.0,20,2,215.7531914893617,206.00141843971636,203.15035460992908,227.3609756097561,210.81951219512197,231.9430894308943,227.53909465020575,208.79012345679016,225.75720164609052,243.6888888888889,180.0205128205128,139.56239316239316
2000_200_0_3,0.0,20,2,216.33900709219856,206.1163120567376,202.49787234042557,226.48292682926828,210.6569105691057,232.31544715447157,227.39917695473247,208.53497942386832,227.2181069958848,244.3504273504273,174.4205128205128,139.3111111111111
2000_200_0_4,0.0,20,2,216.0581560283688,205.5617021276596,202.58014184397163,226.9512195121951,211.00650406504064,231.7317073170732,227.10699588477368,208.37448559670784,225.75720164609052,243.1623931623932,180.04102564102564,139.2051282051282
2000_200_0_5,0.0,20,2,218.6340425531915,206.2255319148936,202.58014184397163,226.48292682926828,210.91869918699183,232.8471544715447,227.73251028806587,208.46913580246917,226.58024691358025,242.3948717948718,179.4974358974359,138.7076923076923
2000_200_0_6,0.0,20,2,216.0581560283688,205.95319148936173,202.6595744680851,226.9512195121951,210.5739837398374,232.5788617886179,228.10699588477368,208.37448559670784,225.201646090535,243.948717948718,180.0205128205128,139.2051282051282
2000_200_0_7,0.0,20,2,215.88510638297876,205.68936170212768,203.3531914893617,226.1642276422764,210.67154471544717,232.7040650406504,227.56790123456796,208.0576131687243,226.32510288065845,244.3504273504273,180.0205128205128,138.69401709401708
2000_200_0_8,0.0,20,2,216.24822695035465,205.777304964539,202.6595744680851,227.3609756097561,210.739837398374,232.7040650406504,227.2674897119342,208.06172839506172,227.2181069958848,243.12820512820517,179.7128205128205,139.3145299145299
2000_200_0_9,0.0,20,2,215.7531914893617,206.85248226950355,203.0042553191489,225.7658536585366,210.96747967479675,232.31544715447157,227.39917695473247,208.40329218107,225.201646090535,242.94529914529917,179.5145299145299,139.3111111111111
0_400_0_0,0.0,0,4,226.50070921985815,210.9276595744681,200.1035460992908,227.3837398373984,210.46178861788616,229.40325203252036,225.2962962962963,206.2962962962963,225.92592592592595,223.76752136752137,147.85811965811965,154.8153846153846
0_400_0_1,0.0,0,4,227.02978723404257,210.9276595744681,200.39148936170213,227.77073170731708,210.7089430894309,229.35934959349592,224.62962962962965,205.85185185185188,226.27572016460908,224.65470085470085,147.4102564102564,154.9025641025641
0_400_0_2,0.0,0,4,227.0893617021277,210.9276595744681,199.8553191489362,227.77073170731708,211.1235772357724,229.3430894308943,224.4814814814815,206.2962962962963,225.7078189300412,224.8068376068376,148.86324786324786,154.77094017094018
0_400_0_3,0.0,0,4,226.76595744680853,210.7531914893617,199.8553191489362,227.9040650406504,211.11544715447155,229.3430894308943,224.6337448559671,206.32098765432104,225.95061728395063,223.76752136752137,147.48888888888888,155.02393162393162
0_400_0_4,0.0,0,4,227.0893617021277,210.99290780141845,200.39148936170213,227.0341463414634,210.9365853658537,228.1560975609756,224.40740740740745,206.0576131687243,226.68724279835396,223.76752136752137,148.47692307692307,155.02393162393162
0_400_0_5,0.0,0,4,227.0326241134752,210.78865248226955,200.24397163120568,227.07642276422763,211.139837398374,229.73821138211383,225.42798353909467,206.2962962962963,225.8683127572017,225.24273504273503,146.0871794871795,154.45299145299143
0_400_0_6,0.0,0,4,226.29929078014183,210.9276595744681,199.88794326241137,227.0682926829268,211.1869918699187,229.66991869918695,224.62962962962965,206.32098765432104,226.3621399176955,224.65470085470085,148.5059829059829,154.45299145299143
0_400_0_7,0.0,0,4,226.76595744680853,210.9276595744681,199.845390070922,227.7658536585366,210.49268292682927,229.6747967479675,226.10699588477368,206.3045267489712,226.2181069958848,225.017094017094,148.0854700854701,154.782905982906
0_400_0_8,0.0,0,4,226.0581560283688,210.9276595744681,199.845390070922,227.6747967479675,211.1235772357724,229.66991869918695,225.42798353909467,206.32098765432104,225.8683127572017,224.54188034188036,148.5059829059829,154.8153846153846
0_400_0_9,0.0,0,4,227.245390070922,211.290780141844,199.92056737588652,228.2861788617886,211.139837398374,229.73821138211383,225.00000000000003,206.1522633744856,225.95061728395063,224.65470085470085,148.68205128205128,155.7863247863248
500_500_0_0,0.0,5,5,232.1049645390071,214.07659574468087,201.92198581560285,225.84227642276423,210.99024390243903,231.39837398373984,227.5884773662552,208.22222222222223,226.95884773662556,230.6871794871795,156.30769230769232,149.5145299145299
500_500_0_1,0.0,5,5,232.7063829787234,214.736170212766,200.9262411347518,226.5447154471545,210.55772357723575,232.15934959349596,227.64609053497944,207.33333333333331,226.95884773662556,229.4957264957265,156.35384615384615,149.76239316239315
500_500_0_2,0.0,5,5,232.89787234042555,214.20425531914896,201.290780141844,225.9235772357724,210.82276422764227,232.15934959349596,227.5144032921811,208.3456790123457,227.42798353909467,229.71452991452992,156.90940170940172,149.2905982905983
500_500_0_3,0.0,5,5,231.98439716312055,214.54468085106384,201.1914893617021,225.95934959349597,210.55772357723575,231.23252032520324,227.5884773662552,208.44855967078192,227.62139917695475,229.6905982905983,156.57435897435897,149.22393162393163
500_500_0_4,0.0,5,5,232.4198581560284,214.3787234042553,202.11914893617023,225.9235772357724,210.99024390243903,231.39837398373984,227.7078189300412,208.23045267489715,226.57201646090536,229.71452991452992,156.0752136752137,150.07350427350428
500_500_0_5,0.0,5,5,232.56737588652484,214.3787234042553,201.2113475177305,226.4048780487805,210.89430894308944,232.49918699186992,228.0246913580247,208.37448559670784,226.8600823045268,229.44273504273505,156.41367521367522,149.35726495726496
500_500_0_6,0.0,5,5,232.35602836879437,214.2765957446809,200.83971631205677,226.4048780487805,210.879674796748,231.6081300813008,227.46090534979425,208.4814814814815,227.95061728395063,230.6871794871795,156.90940170940172,149.02735042735043
500_500_0_7,0.0,5,5,231.47375886524824,214.52056737588651,201.2113475177305,225.49918699186992,210.89430894308944,232.1869918699187,227.40740740740745,208.1687242798354,227.03703703703707,230.36410256410252,156.97948717948717,149.35726495726496
500_500_0_8,0.0,5,5,232.31347517730495,214.736170212766,201.7531914893617,225.84227642276423,210.879674796748,231.7788617886179,227.5884773662552,208.44855967078192,227.52674897119343,230.4034188034188,156.90940170940172,149.02735042735043
500_500_0_9,0.0,5,5,232.56737588652484,213.93475177304967,201.7531914893617,225.9235772357724,210.89430894308944,231.74471544715448,227.2181069958848,208.3456790123457,228.4773662551441,230.4854700854701,156.57435897435897,149.46324786324786
2000_500_0_0,0.0,20,5,235.2765957446809,210.4099290780142,199.39574468085107,226.0276422764228,209.88943089430893,231.8959349593496,228.77366255144037,207.0905349794239,227.18930041152265,239.9777777777778,167.8102564102564,140.2017094017094
2000_500_0_1,0.0,20,5,234.76453900709225,210.2354609929078,199.7858156028369,226.73658536585367,209.94959349593492,232.1886178861789,228.91769547325103,206.87654320987656,226.23045267489715,239.2,167.5897435897436,140.1076923076923
2000_500_0_2,0.0,20,5,234.76453900709225,210.1460992907801,199.95460992907803,226.0276422764228,209.84552845528452,231.98861788617887,228.7283950617284,206.9135802469136,227.0658436213992,239.9777777777778,167.5897435897436,140.53504273504274
2000_500_0_3,0.0,20,5,234.8709219858156,210.6198581560284,199.39574468085107,226.8357723577236,209.8211382113821,232.10081300813007,228.3456790123457,206.6748971193416,227.25925925925927,239.31965811965813,167.44273504273505,140.03760683760683
2000_500_0_4,0.0,20,5,235.2765957446809,210.27234042553192,199.95460992907803,227.19674796747967,209.84552845528452,231.9040650406504,228.3456790123457,206.6748971193416,226.4773662551441,239.4854700854701,167.8102564102564,140.1076923076923
2000_500_0_5,0.0,20,5,234.66666666666669,210.61418439716317,199.22269503546104,226.26829268292684,209.8211382113821,231.46178861788616,229.0411522633745,207.06172839506172,226.26337448559676,239.53333333333333,167.44273504273505,140.53504273504274
2000_500_0_6,0.0,20,5,234.66666666666669,210.2354609929078,199.6368794326241,225.86341463414635,209.99024390243903,232.78536585365853,229.27572016460908,207.0905349794239,226.26337448559676,239.53333333333333,167.73846153846154,140.53504273504274
2000_500_0_7,0.0,20,5,235.2070921985816,210.61418439716317,199.39574468085107,225.86341463414635,209.99024390243903,231.930081300813,229.27572016460908,207.0905349794239,225.81481481481484,239.3846153846154,167.2034188034188,140.23076923076923
2000_500_0_8,0.0,20,5,234.8709219858156,210.3418439716312,199.4241134751773,226.0276422764228,209.66341463414636,231.9040650406504,228.77366255144037,206.7366255144033,226.35802469135805,239.64957264957263,167.4974358974359,140.1076923076923
2000_500_0_9,0.0,20,5,235.2765957446809,210.2978723404256,199.95460992907803,226.73658536585367,209.84552845528452,232.1886178861789,228.93415637860085,206.7942386831276,225.8888888888889,238.99487179487176,167.86153846153846,140.31794871794872
1000_0_1900_0,19.0,10,0,195.3631205673759,182.1787234042553,200.690780141844,224.20650406504063,211.4162601626016,232.66178861788617,161.97942386831278,198.93004115226336,234.7860082304527,253.44102564102565,235.7213675213675,119.35384615384616
1000_0_1900_1,19.0,10,0,195.3631205673759,182.1404255319149,200.94609929078013,223.44552845528452,211.25528455284552,233.0130081300813,160.19341563786008,198.49794238683128,234.30452674897123,253.5059829059829,235.7213675213675,119.35384615384616
1000_0_1900_2,19.0,10,0,194.4340425531915,182.07375886524824,200.96879432624115,224.20650406504063,210.99349593495936,232.00325203252032,161.27983539094652,198.99588477366257,234.60493827160496,253.44102564102565,235.83418803418803,119.64273504273504
1000_0_1900_3,19.0,10,0,195.90780141843973,182.05957446808512,200.7872340425532,224.73821138211383,211.29756097560977,231.6569105691057,162.23868312757202,199.5514403292181,234.62139917695475,253.4957264957265,235.6854700854701,120.208547008547
1000_0_1900_4,19.0,10,0,195.54751773049648,181.64113475177305,200.4184397163121,223.44552845528452,211.25528455284552,231.6569105691057,161.31687242798355,199.42798353909467,234.30452674897123,253.6871794871795,235.64273504273504,120.208547008547
1000_0_1900_5,19.0,10,0,193.8255319148936,182.07375886524824,200.81702127659577,223.7219512195122,211.5089430894309,232.6878048780488,161.97942386831278,199.18106995884776,235.18106995884776,253.44102564102565,235.7076923076923,119.6068376068376
1000_0_1900_6,19.0,10,0,193.71063829787235,182.07659574468087,200.690780141844,223.2894308943089,211.4162601626016,232.5804878048781,161.50205761316874,199.3539094650206,233.5925925925926,253.4940170940171,236.1863247863248,119.8991452991453
1000_0_1900_7,19.0,10,0,193.85106382978725,181.98865248226952,200.35886524822695,224.21138211382117,210.99512195121952,232.42439024390245,162.23868312757202,199.5514403292181,235.20576131687244,253.52307692307693,235.7213675213675,119.7982905982906
1000_0_1900_8,19.0,10,0,194.3021276595745,181.845390070922,200.7872340425532,223.02439024390245,210.75447154471544,231.6569105691057,162.23868312757202,198.9917695473251,235.18106995884776,253.6871794871795,236.1555555555556,119.35384615384616
1000_0_1900_9,19.0,10,0,195.3631205673759,181.71773049645392,200.690780141844,224.1756097560976,210.99349593495936,232.69430894308945,161.97942386831278,199.8477366255144,235.6008230452675,253.61880341880345,235.6102564102564,119.8991452991453
0_100_1900_0,19.0,0,1,225.1205673758865,202.31205673758868,200.7872340425532,227.11056910569107,210.29430894308945,231.52520325203253,225.2139917695473,204.5925925925926,226.29218106995887,242.02564102564105,183.8803418803419,141.62735042735042
0_100_1900_1,19.0,0,1,224.8567375886525,202.13049645390072,199.8,226.77723577235773,210.64878048780488,232.46666666666667,222.51028806584364,203.93415637860085,226.4650205761317,239.5059829059829,178.33504273504275,141.84273504273503
0_100_1900_2,19.0,0,1,225.0184397163121,202.31205673758868,200.73191489361704,226.80325203252036,210.33008130081305,232.59837398373983,223.77366255144037,204.201646090535,228.57201646090536,239.97435897435895,179.22735042735042,142.0222222222222
0_100_1900_3,19.0,0,1,224.79007092198583,202.04822695035463,200.7872340425532,226.10731707317072,210.36747967479675,231.66341463414636,223.90946502057616,205.25514403292183,227.23868312757205,239.33846153846156,178.33504273504275,139.63076923076923
0_100_1900_4,19.0,0,1,225.16879432624117,201.5276595744681,200.49929078014185,227.2959349593496,210.75284552845528,231.40650406504065,223.1769547325103,204.50205761316877,227.19753086419755,240.2905982905983,177.52307692307693,142.17094017094018
0_100_1900_5,19.0,0,1,224.79007092198583,202.13049645390072,200.7872340425532,227.11056910569107,210.5918699186992,232.21138211382117,223.1934156378601,204.201646090535,227.9670781893004,240.35555555555555,178.9777777777778,141.62735042735042
0_100_1900_6,19.0,0,1,225.50496453900712,201.7929078014185,201.21702127659572,226.65528455284556,210.57560975609755,232.46666666666667,223.77366255144037,204.3950617283951,226.46090534979425,239.33846153846156,178.63760683760682,141.62735042735042
0_100_1900_7,19.0,0,1,223.62836879432624,202.04822695035463,199.8099290780142,226.59674796747967,210.7674796747968,231.2048780487805,223.1934156378601,205.40740740740745,226.5761316872428,230.765811965812,162.57435897435897,142.17094017094018
0_100_1900_8,19.0,0,1,224.84113475177307,202.5163120567376,199.8,227.11056910569107,210.36747967479675,231.1756097560976,223.1934156378601,204.62962962962965,227.19753086419755,239.97435897435895,178.72307692307692,141.78803418803415
0_100_1900_9,19.0,0,1,225.5375886524823,202.0936170212766,199.581560283688,227.0520325203252,210.75284552845528,231.66341463414636,223.23868312757205,204.33333333333331,226.29218106995887,239.4820512820513,178.36581196581196,142.0222222222222
500_200_1900_0,19.0,5,2,233.31063829787237,209.2808510638298,201.1872340425532,226.38861788617885,210.25853658536585,232.85040650406503,225.52674897119343,206.0123456790124,227.9135802469136,231.2102564102564,163.46495726495726,147.82393162393163
500_200_1900_1,19.0,5,2,233.3517730496454,209.54468085106384,201.1872340425532,226.38861788617885,210.58536585365852,232.9008130081301,226.0123456790124,206.1316872427984,227.32098765432104,231.79145299145296,163.08205128205128,147.65470085470085
500_200_1900_2,19.0,5,2,232.22836879432623,209.31489361702128,200.9631205673759,225.2439024390244,210.59674796747967,232.52520325203253,225.1687242798354,206.71604938271608,228.08641975308643,231.5623931623932,163.32478632478632,147.41538461538462
500_200_1900_3,19.0,5,2,232.7687943262412,209.7063829787234,200.68510638297877,226.38861788617885,210.55447154471543,232.87479674796748,226.0123456790124,206.4897119341564,228.08641975308643,231.82222222222225,163.66837606837606,147.12991452991454
500_200_1900_4,19.0,5,2,232.5290780141844,209.6567375886525,200.74326241134756,226.0650406504065,210.55447154471543,232.9008130081301,226.79012345679016,205.6584362139918,228.3127572016461,232.11452991452992,163.6991452991453,148.2803418803419
500_200_1900_5,19.0,5,2,232.1645390070922,209.6567375886525,200.9631205673759,226.60650406504064,210.7479674796748,233.3089430894309,225.2880658436214,206.1316872427984,227.6748971193416,231.6034188034188,163.46495726495726,147.41538461538462
500_200_1900_6,19.0,5,2,232.98297872340427,209.81418439716316,200.1106382978724,226.06991869918696,210.21626016260163,232.87479674796748,226.3045267489712,206.2181069958848,227.32098765432104,232.2017094017094,162.92820512820512,147.7196581196581
500_200_1900_7,19.0,5,2,232.1645390070922,209.81418439716316,200.4,226.0650406504065,210.58536585365852,232.85040650406503,226.79012345679016,206.1934156378601,228.4238683127572,232.11452991452992,163.2905982905983,147.54188034188033
500_200_1900_8,19.0,5,2,233.24680851063832,209.7063829787234,200.70921985815605,226.16260162601623,210.1869918699187,233.85040650406503,225.52674897119343,206.4814814814815,227.02880658436217,231.5623931623932,163.87863247863248,147.6957264957265
500_200_1900_9,19.0,5,2,233.3517730496454,209.10212765957448,201.2567375886525,226.35121951219512,210.64552845528456,232.87479674796748,226.0576131687243,206.1316872427984,227.51028806584364,231.73162393162397,163.66837606837606,148.2803418803419
2000_200_1900_0,19.0,20,2,234.6595744680851,208.58014184397163,200.7276595744681,226.39837398373984,210.36747967479675,233.70243902439023,228.3950617283951,207.01646090534985,227.79012345679016,239.32478632478632,171.63589743589745,141.0837606837607
2000_200_1900_1,19.0,20,2,234.42978723404255,208.68936170212768,200.26382978723404,226.3252032520325,210.25691056910568,233.9837398373984,227.9465020576132,206.50205761316877,227.46090534979425,238.64102564102564,172.0854700854701,141.5811965811966
2000_200_1900_2,19.0,20,2,235.33900709219856,209.63971631205675,200.36028368794328,226.9739837398374,210.0910569105691,234.45528455284557,227.9753086419753,207.4362139917696,227.55967078189303,238.39145299145295,171.81367521367522,141.66666666666666
2000_200_1900_3,19.0,20,2,235.31773049645392,209.63971631205675,200.5120567375887,226.3252032520325,211.0829268292683,234.34634146341463,228.06995884773664,206.81481481481484,227.71193415637865,238.9931623931624,171.46495726495726,141.0837606837607
2000_200_1900_4,19.0,20,2,234.81560283687944,208.890780141844,200.1489361702128,226.1869918699187,209.89268292682928,233.72357723577235,228.06172839506172,206.82304526748973,227.1934156378601,238.39145299145295,171.81367521367522,141.52649572649574
2000_200_1900_5,19.0,20,2,233.8794326241135,208.890780141844,200.1489361702128,226.47479674796747,210.25691056910568,233.9772357723577,227.49794238683128,206.51028806584364,228.3497942386832,237.89743589743588,171.85128205128206,140.63760683760682
2000_200_1900_6,19.0,20,2,234.42978723404255,208.79007092198583,200.11205673758863,226.47479674796747,210.3430894308943,233.62439024390244,227.83127572016463,206.82304526748973,228.11934156378604,238.64102564102564,171.9418803418803,141.46495726495726
2000_200_1900_7,19.0,20,2,233.8794326241135,208.70212765957447,200.7276595744681,226.71219512195125,210.10894308943088,234.45528455284557,228.06995884773664,206.81481481481484,228.11934156378604,238.7008547008547,171.64102564102564,141.5811965811966
2000_200_1900_8,19.0,20,2,234.6794326241135,209.090780141844,200.11205673758863,226.1869918699187,210.3430894308943,233.619512195122,229.11934156378604,206.85185185185188,227.79012345679016,238.9931623931624,171.9418803418803,141.66666666666666
2000_200_1900_9,19.0,20,2,234.42978723404255,209.63971631205675,200.668085106383,226.3252032520325,210.4520325203252,233.9772357723577,229.11934156378604,207.01646090534985,227.3703703703704,238.39145299145295,171.81367521367522,141.6854700854701
0_300_1900_0,19.0,0,3,236.7163120567376,211.7148936170213,198.8921985815603,226.6260162601626,210.5170731707317,230.90243902439025,227.05349794238683,206.37448559670784,226.42798353909467,224.7726495726496,148.808547008547,154.8803418803419
0_300_1900_1,19.0,0,3,236.981560283688,211.6595744680851,199.18014184397163,225.9235772357724,211.3121951219512,231.60162601626016,225.80658436213997,205.8559670781893,227.0658436213992,223.51282051282053,149.16752136752137,155.62564102564102
0_300_1900_2,19.0,0,3,235.6992907801419,211.43546099290785,198.73333333333332,227.70081300813007,210.69756097560972,231.5382113821138,225.32510288065845,206.1851851851852,227.50205761316877,223.43760683760684,149.81367521367522,154.8803418803419
0_300_1900_3,19.0,0,3,235.71063829787235,212.02978723404257,199.4581560283688,226.53658536585365,211.15934959349596,230.46341463414635,226.164609053498,205.90123456790124,226.42798353909467,223.217094017094,149.16752136752137,154.8102564102564
0_300_1900_4,19.0,0,3,235.71063829787235,211.63829787234044,198.8113475177305,226.9821138211382,210.7739837398374,230.25365853658536,227.05349794238683,206.3950617283951,226.42798353909467,223.84102564102565,150.35042735042734,154.74017094017094
0_300_1900_5,19.0,0,3,236.63829787234044,211.99007092198585,198.3234042553192,227.23739837398372,210.5609756097561,231.58211382113825,226.56790123456796,206.3374485596708,226.3868312757202,223.0991452991453,149.62905982905983,155.62564102564102
0_300_1900_6,19.0,0,3,235.6992907801419,211.47659574468088,198.8113475177305,225.9235772357724,211.15934959349596,230.7967479674797,225.10699588477368,205.99176954732516,227.2469135802469,223.0991452991453,150.35042735042734,154.74017094017094
0_300_1900_7,19.0,0,3,236.1617021276596,211.50921985815603,198.73333333333332,227.7170731707317,210.7739837398374,231.09756097560972,225.32510288065845,206.3374485596708,226.4897119341564,223.87692307692308,149.55384615384617,154.84786324786324
0_300_1900_8,19.0,0,3,236.84255319148937,211.3617021276596,198.9659574468085,227.70081300813007,210.90243902439025,231.60162601626016,226.8271604938272,205.8559670781893,227.15637860082307,223.43760683760684,149.62905982905983,154.84786324786324
0_300_1900_9,19.0,0,3,236.1078014184397,211.1645390070922,198.6212765957447,226.24065040650407,210.45040650406503,231.09756097560972,226.164609053498,205.69958847736623,227.0658436213992,224.33846153846156,147.74871794871794,154.9777777777778
1000_300_1900_0,19.0,10,3,238.43829787234043,211.54751773049648,199.95602836879436,225.5918699186992,210.32357723577235,232.48943089430892,228.6337448559671,206.68724279835396,228.1851851851852,231.6888888888889,160.5076923076923,145.96410256410255
1000_300_1900_1,19.0,10,3,237.24680851063832,211.94468085106385,200.63829787234044,225.5918699186992,210.4162601626016,233.6780487804878,227.2962962962963,207.6255144032922,226.44032921810705,232.0581196581197,160.6153846153846,146.90769230769232
1000_300_1900_2,19.0,10,3,237.33900709219856,211.67517730496456,200.63829787234044,226.2959349593496,210.91869918699183,233.9512195121951,227.2674897119342,207.7942386831276,227.93827160493828,232.0991452991453,160.48717948717947,146.808547008547
1000_300_1900_3,19.0,10,3,237.7163120567376,212.31347517730495,199.7631205673759,226.4048780487805,210.86666666666667,233.8731707317073,227.64609053497944,206.9835390946502,228.1769547325103,231.7692307692308,160.5162393162393,146.808547008547
1000_300_1900_4,19.0,10,3,237.80567375886525,211.66666666666669,199.97872340425533,225.8471544715447,210.38861788617885,232.48943089430892,226.72427983539097,207.18930041152265,227.99176954732516,232.0136752136752,160.7025641025641,146.65470085470085
1000_300_1900_5,19.0,10,3,237.24680851063832,211.79574468085107,200.63829787234044,226.24715447154472,210.5691056910569,233.8731707317073,228.36625514403292,207.65432098765436,227.48559670781896,231.6888888888889,160.48717948717947,147.2017094017094
1000_300_1900_6,19.0,10,3,238.43829787234043,211.22695035460995,199.95602836879436,226.079674796748,210.2829268292683,233.89430894308944,228.36625514403292,207.67078189300412,227.81481481481484,232.0136752136752,161.52991452991452,146.808547008547
1000_300_1900_7,19.0,10,3,238.43829787234043,211.22695035460995,200.0340425531915,226.06341463414637,210.4162601626016,233.89430894308944,228.2098765432099,207.6255144032922,227.75308641975312,230.7948717948718,161.04957264957264,146.68376068376068
1000_300_1900_8,19.0,10,3,237.7489361702128,211.85957446808516,199.7631205673759,226.0081300813008,210.91869918699183,232.48943089430892,228.09465020576133,206.68724279835396,228.48559670781896,232.0136752136752,160.86495726495727,146.97094017094017
1000_300_1900_9,19.0,10,3,237.78014184397165,211.79574468085107,199.7631205673759,226.06341463414637,210.14146341463416,233.260162601626,227.3292181069959,207.06995884773664,227.99176954732516,232.01880341880343,160.94017094017093,146.70427350427352
0_400_1900_0,19.0,0,4,238.9007092198582,212.6340425531915,198.7276595744681,226.7170731707317,210.6390243902439,230.2650406504065,227.0576131687243,206.1934156378601,225.49794238683128,220.7948717948718,143.3760683760684,157.36923076923077
0_400_1900_1,19.0,0,4,238.0184397163121,213.29219858156029,198.5418439716312,227.5430894308943,211.16585365853655,231.3479674796748,226.23045267489715,206.50205761316877,226.4732510288066,220.76410256410256,143.74188034188035,157.52307692307693
0_400_1900_2,19.0,0,4,238.3517730496454,213.1943262411348,198.6992907801419,227.930081300813,210.62926829268287,231.0260162601626,226.51028806584364,205.59670781893007,227.66666666666669,220.7948717948718,143.44444444444446,157.5145299145299
0_400_1900_3,19.0,0,4,238.51347517730497,213.377304964539,198.7049645390071,227.0829268292683,210.86341463414635,230.74308943089432,227.18106995884776,205.7283950617284,226.4732510288066,220.5059829059829,144.3111111111111,157.84615384615384
0_400_1900_4,19.0,0,4,238.9007092198582,212.85106382978725,197.98581560283688,227.46829268292683,210.619512195122,231.3121951219512,227.0576131687243,205.87242798353915,226.81893004115227,220.5059829059829,143.88717948717948,158.35213675213674
0_400_1900_5,19.0,0,4,238.0184397163121,212.6340425531915,197.98581560283688,227.930081300813,210.7756097560976,231.3479674796748,226.48559670781896,206.81893004115227,226.48559670781896,220.2923076923077,143.62735042735042,157.0017094017094
0_400_1900_6,19.0,0,4,238.51347517730497,213.2255319148936,198.690780141844,226.88943089430893,211.00325203252032,230.86666666666667,227.18106995884776,205.59670781893007,226.4732510288066,221.408547008547,143.88717948717948,157.92991452991453
0_400_1900_7,19.0,0,4,238.87517730496452,212.89645390070925,198.6992907801419,227.930081300813,210.9837398373984,230.46666666666667,227.14403292181072,206.50205761316877,226.15637860082307,221.16752136752137,143.6051282051282,157.55213675213676
0_400_1900_8,19.0,0,4,238.3517730496454,213.4439716312057,198.75886524822693,226.52032520325204,210.9837398373984,230.33333333333331,226.7942386831276,206.81893004115227,226.4732510288066,221.3880341880342,143.62735042735042,157.35042735042734
0_400_1900_9,19.0,0,4,239.3049645390071,213.53333333333336,198.6794326241135,226.539837398374,210.7560975609756,231.1138211382114,227.18106995884776,206.39917695473247,227.0576131687243,220.68034188034187,143.64786324786326,157.55213675213676
1500_400_1900_0,19.0,15,4,240.63829787234044,209.60283687943263,198.64964539007093,226.5414634146341,209.7674796747968,234.019512195122,227.4897119341564,205.9835390946502,227.2263374485597,234.13162393162392,158.68205128205128,145.58461538461538
1500_400_1900_1,19.0,15,4,241.06241134751772,209.60283687943263,197.95602836879436,226.5414634146341,209.7674796747968,233.3089430894309,227.26337448559676,205.761316872428,227.6378600823045,233.68034188034187,158.4068376068376,145.34529914529915
1500_400_1900_2,19.0,15,4,241.48652482269503,209.777304964539,198.31773049645392,226.130081300813,209.88455284552845,233.2032520325203,228.522633744856,205.97119341563788,226.7860082304527,234.2034188034188,158.95726495726495,145.34529914529915
1500_400_1900_3,19.0,15,4,241.5943262411348,209.87517730496452,198.03829787234045,225.8048780487805,209.4048780487805,233.3089430894309,227.8683127572017,206.06995884773664,227.18930041152265,233.0991452991453,158.4923076923077,145.16410256410256
1500_400_1900_4,19.0,15,4,241.4695035460993,209.87517730496452,198.03829787234045,225.8048780487805,209.6991869918699,234.14471544715448,227.5761316872428,205.5514403292181,227.11111111111117,232.91965811965807,158.6119658119658,145.34529914529915
1500_400_1900_5,19.0,15,4,240.63829787234044,209.890780141844,198.5035460992908,225.8048780487805,210.0455284552845,233.87642276422764,228.53909465020575,205.93827160493828,227.1522633744856,233.68034188034187,158.86324786324786,144.95384615384614
1500_400_1900_6,19.0,15,4,240.7531914893617,209.777304964539,198.96737588652485,225.87642276422764,209.5382113821138,233.4813008130081,227.8683127572017,205.67901234567904,226.68312757201647,232.6581196581197,158.4068376068376,145.65470085470085
1500_400_1900_7,19.0,15,4,241.6695035460993,209.68794326241132,198.64964539007093,226.10731707317072,209.88455284552845,233.139837398374,228.2098765432099,206.80246913580248,227.1522633744856,234.217094017094,158.55384615384617,144.98119658119657
1500_400_1900_8,19.0,15,4,241.06241134751772,209.87517730496452,198.5035460992908,226.4373983739837,209.7040650406504,233.91382113821135,227.67078189300412,205.68312757201647,227.1522633744856,232.6581196581197,158.6119658119658,145.33333333333334
1500_400_1900_9,19.0,15,4,240.63829787234044,209.60283687943263,198.1106382978724,225.86341463414635,210.01626016260164,233.87642276422764,228.5843621399177,205.4814814814815,227.6378600823045,233.0991452991453,158.42905982905984,145.58461538461538
500_500_1900_0,19.0,5,5,241.49645390070924,213.6070921985816,199.845390070922,226.63252032520325,210.2894308943089,233.09430894308943,229.55967078189303,207.7695473251029,227.30864197530863,225.93846153846152,151.04273504273505,152.3948717948718
500_500_1900_1,19.0,5,5,241.49645390070924,214.06382978723408,200.26099290780144,226.63252032520325,210.5219512195122,233.88943089430893,229.39094650205763,207.9794238683128,228.02057613168725,226.51111111111112,151.1179487179487,152.2940170940171
500_500_1900_2,19.0,5,5,242.2198581560284,213.47234042553197,199.71063829787235,226.6,210.8292682926829,233.88943089430893,229.01646090534985,207.70370370370367,227.30864197530863,226.8068376068376,150.94017094017093,152.0974358974359
500_500_1900_3,19.0,5,5,242.4212765957447,214.06382978723408,199.71063829787235,226.6991869918699,210.5268292682927,233.62926829268287,228.32510288065845,208.39917695473247,227.1687242798354,225.93846153846152,151.77435897435896,152.05299145299145
500_500_1900_4,19.0,5,5,242.56028368794327,213.5120567375887,199.67659574468087,226.0910569105691,210.2894308943089,233.89756097560976,228.6255144032922,208.39917695473247,227.1687242798354,226.93846153846152,151.3042735042735,151.86837606837608
500_500_1900_5,19.0,5,5,241.49645390070924,213.47234042553197,200.16737588652484,226.63252032520325,210.2894308943089,233.33333333333331,228.6255144032922,207.79835390946505,227.4773662551441,226.87521367521367,151.33162393162394,152.2940170940171
500_500_1900_6,19.0,5,5,242.00851063829788,213.21418439716317,200.26099290780144,225.79024390243904,210.7788617886179,233.8260162601626,229.55967078189303,207.7407407407408,227.2098765432099,225.9965811965812,151.33162393162394,152.3948717948718
500_500_1900_7,19.0,5,5,241.3985815602837,213.78297872340423,199.78865248226955,226.0910569105691,210.5219512195122,233.4,229.71604938271608,208.0740740740741,227.6255144032922,227.03931623931624,151.04273504273505,152.2940170940171
500_500_1900_8,19.0,5,5,242.2198581560284,213.63971631205675,200.43687943262407,225.6439024390244,210.4439024390244,233.2894308943089,229.39094650205763,207.7407407407408,227.1769547325103,226.51111111111112,151.14871794871794,152.0974358974359
500_500_1900_9,19.0,5,5,241.49645390070924,213.70212765957447,200.43687943262407,226.6991869918699,210.2894308943089,233.33333333333331,228.7448559670782,207.38683127572017,228.02057613168725,226.8068376068376,151.14871794871794,152.05299145299145
2000_500_1900_0,19.0,20,5,237.08794326241136,202.0368794326241,194.2241134751773,221.25691056910568,207.6959349593496,219.7642276422764,224.81481481481484,204.31687242798355,226.44444444444449,223.73504273504275,165.23760683760685,156.0034188034188
2000_500_1900_1,19.0,20,5,238.93049645390076,201.4581560283688,195.0780141843972,221.99349593495936,206.5788617886179,220.82276422764227,225.4156378600823,204.37860082304528,225.9835390946502,223.73504273504275,165.38119658119658,156.43247863247862
2000_500_1900_2,19.0,20,5,236.72056737588653,202.4241134751773,194.78297872340423,221.43252032520328,207.1788617886179,220.0455284552845,225.4156378600823,204.41152263374488,226.02880658436217,223.948717948718,165.37777777777777,156.0837606837607
2000_500_1900_3,19.0,20,5,238.2624113475177,202.78865248226955,195.0822695035461,220.43414634146345,207.6959349593496,219.7642276422764,225.65432098765436,204.73251028806587,226.32510288065845,223.73504273504275,165.33333333333334,155.43760683760684
2000_500_1900_4,19.0,20,5,237.0184397163121,202.8624113475177,194.5858156028369,220.00650406504064,207.66666666666663,220.73658536585367,225.5308641975309,204.5843621399177,225.90123456790124,223.4923076923077,164.9059829059829,155.55042735042736
2000_500_1900_5,19.0,20,5,238.0127659574468,201.8567375886525,194.78297872340423,221.43252032520328,207.3219512195122,219.8471544715447,225.4156378600823,204.2962962962963,225.87654320987656,223.4923076923077,165.66666666666666,156.4564102564103
2000_500_1900_6,19.0,20,5,238.93049645390076,202.33049645390076,194.2241134751773,221.25691056910568,207.27642276422765,220.4878048780488,225.30041152263377,204.46913580246917,226.1399176954733,223.93504273504277,164.9059829059829,156.43247863247862
2000_500_1900_7,19.0,20,5,238.0127659574468,202.4241134751773,194.73475177304965,220.00650406504064,207.1788617886179,220.82276422764227,225.30041152263377,204.30041152263377,225.9670781893004,224.23076923076923,165.37777777777777,156.1094017094017
2000_500_1900_8,19.0,20,5,238.2624113475177,201.76879432624116,194.2241134751773,220.51869918699188,206.9837398373984,220.4439024390244,224.7695473251029,204.05349794238683,225.8353909465021,224.23076923076923,165.28547008547008,155.55042735042736
2000_500_1900_9,19.0,20,5,239.8921985815603,201.8567375886525,194.78297872340423,221.43252032520328,207.66666666666663,219.7691056910569,224.7695473251029,204.5843621399177,226.44444444444449,223.5897435897436,164.6974358974359,156.01538461538462
1000_0_3800_0,38.0,10,0,226.5943262411348,181.9021276595745,201.56879432624115,223.06341463414637,210.0878048780488,228.07642276422763,202.80246913580248,197.72427983539097,229.69958847736623,253.34700854700856,231.7025641025641,124.08376068376069
1000_0_3800_1,38.0,10,0,226.5858156028369,181.91489361702128,200.7276595744681,222.97073170731707,210.0878048780488,227.47642276422764,203.77366255144037,197.1728395061729,229.5308641975309,253.27179487179487,231.52820512820512,124.42051282051284
1000_0_3800_2,38.0,10,0,226.91347517730495,181.91489361702128,200.72056737588653,223.2178861788618,210.2650406504065,228.3658536585366,204.52674897119343,197.7695473251029,228.8477366255144,253.2991452991453,231.8188034188034,124.42051282051284
1000_0_3800_3,38.0,10,0,226.7276595744681,181.3489361702128,200.72056737588653,222.2894308943089,210.0520325203252,227.53333333333333,204.6090534979424,197.1728395061729,230.3621399176955,253.28547008547008,231.6153846153846,124.83589743589744
1000_0_3800_4,38.0,10,0,227.13049645390072,181.8468085106383,201.09929078014187,222.5642276422764,210.0520325203252,227.53333333333333,202.80246913580248,198.08641975308643,229.2962962962963,253.2991452991453,231.52820512820512,123.77777777777776
1000_0_3800_5,38.0,10,0,226.52340425531915,181.8468085106383,200.7758865248227,223.06341463414637,210.0276422764228,227.3040650406504,202.8600823045268,198.24279835390948,230.2469135802469,253.28547008547008,231.52820512820512,123.21880341880342
1000_0_3800_6,38.0,10,0,227.113475177305,181.5290780141844,201.71773049645392,222.3121951219512,209.81463414634143,228.07642276422763,204.8353909465021,197.7695473251029,230.3621399176955,253.47863247863248,231.1008547008547,124.6068376068376
1000_0_3800_7,38.0,10,0,227.1106382978724,181.55319148936167,201.57163120567375,223.1756097560976,209.8780487804878,227.26178861788617,204.8353909465021,197.880658436214,230.6337448559671,253.034188034188,231.6153846153846,124.42051282051284
1000_0_3800_8,38.0,10,0,226.7617021276596,181.7617021276596,201.39007092198585,222.2357723577236,209.9512195121951,227.77235772357724,204.44444444444449,198.08641975308643,228.87242798353915,253.34700854700856,232.1521367521368,123.65641025641024
1000_0_3800_9,38.0,10,0,227.113475177305,181.8468085106383,200.7276595744681,222.3121951219512,210.0520325203252,227.47642276422764,203.58024691358025,197.5843621399177,229.5308641975309,253.34700854700856,231.6957264957265,123.93333333333334
2000_0_3800_0,38.0,20,0,224.8695035460993,181.93191489361703,203.14184397163123,222.31382113821135,211.5869918699187,232.7788617886179,190.3621399176955,201.2469135802469,231.5144032921811,253.58461538461535,235.65128205128204,118.408547008547
2000_0_3800_1,38.0,20,0,223.33333333333331,182.47234042553197,202.845390070922,222.44552845528452,212.26829268292684,232.39674796747968,190.38271604938276,200.93415637860085,231.3374485596708,253.6153846153846,235.91965811965807,117.8068376068376
2000_0_3800_2,38.0,20,0,223.690780141844,182.4099290780142,202.8212765957447,222.44552845528452,212.35772357723576,232.39674796747968,190.25514403292183,201.2469135802469,230.2469135802469,253.63247863247864,235.48888888888888,118.36239316239316
2000_0_3800_3,38.0,20,0,223.3687943262412,182.47234042553197,202.74751773049647,222.18048780487808,212.35772357723576,232.87479674796748,190.2798353909465,200.85185185185188,231.11111111111117,253.51282051282053,235.48888888888888,118.7880341880342
2000_0_3800_4,38.0,20,0,223.690780141844,182.56879432624115,202.98297872340427,223.0731707317073,211.8471544715447,232.87479674796748,190.9094650205761,201.02880658436212,232.2181069958848,253.6871794871795,235.66324786324788,118.45128205128204
2000_0_3800_5,38.0,20,0,224.19716312056735,182.20283687943265,203.2652482269504,222.17235772357725,212.019512195122,232.7788617886179,190.06172839506172,200.93415637860085,231.5144032921811,253.63247863247864,235.7213675213675,118.408547008547
2000_0_3800_6,38.0,20,0,223.78156028368795,182.20283687943265,202.8212765957447,222.66341463414636,211.76260162601625,232.74634146341464,190.64609053497944,200.97119341563788,230.9670781893004,253.53162393162395,235.53504273504277,118.35213675213676
2000_0_3800_7,38.0,20,0,223.45248226950355,182.47234042553197,202.62836879432624,222.66341463414636,211.94146341463411,232.74634146341464,191.0082304526749,200.64609053497944,231.5308641975309,253.58461538461535,235.7213675213675,117.9076923076923
2000_0_3800_8,38.0,20,0,223.45248226950355,182.56879432624115,202.98297872340427,222.2357723577236,212.019512195122,231.47642276422764,190.82304526748973,200.71193415637865,231.11111111111117,253.4136752136752,235.43589743589743,117.68717948717948
2000_0_3800_9,38.0,20,0,223.33333333333331,182.22127659574468,202.98297872340427,223.0731707317073,211.81951219512197,232.3918699186992,190.25514403292183,200.64609053497944,231.9670781893004,253.55726495726492,235.43589743589743,118.45128205128204
0_100_3800_0,38.0,0,1,238.1872340425532,198.13049645390072,200.1035460992908,227.0,210.8211382113821,231.3121951219512,224.75720164609052,202.79835390946505,228.30864197530863,236.95726495726493,171.56752136752138,143.27692307692308
0_100_3800_1,38.0,0,1,238.1872340425532,198.1886524822695,200.2354609929078,227.67317073170733,211.16747967479677,231.80650406504063,225.5555555555556,202.71604938271608,227.6172839506173,236.4017094017094,170.7846153846154,143.4188034188034
0_100_3800_2,38.0,0,1,237.3404255319149,195.9021276595745,200.2354609929078,227.619512195122,211.16747967479677,231.71869918699187,224.40329218107,202.4238683127572,227.71604938271608,236.61880341880345,173.34358974358975,138.7846153846154
0_100_3800_3,38.0,0,1,236.31205673758868,198.1886524822695,200.27375886524823,226.59024390243903,210.6520325203252,231.6959349593496,225.99176954732516,202.99588477366257,228.68312757201647,236.61880341880345,171.56752136752138,138.7846153846154
0_100_3800_4,38.0,0,1,237.60283687943263,197.9035460992908,200.27375886524823,227.4048780487805,210.6845528455285,231.09430894308943,225.1687242798354,202.91769547325103,227.82304526748973,235.17777777777775,171.47692307692307,146.4957264957265
0_100_3800_5,38.0,0,1,236.95460992907803,197.57730496453905,199.99290780141845,227.21463414634147,210.2894308943089,231.6959349593496,224.60493827160496,202.99588477366257,227.76543209876544,235.93504273504277,171.86324786324786,138.8991452991453
0_100_3800_6,38.0,0,1,236.95460992907803,197.3687943262412,200.32482269503544,227.21463414634147,210.2894308943089,231.7219512195122,224.60493827160496,202.99588477366257,228.68312757201647,241.44444444444449,171.41367521367522,143.4820512820513
0_100_3800_7,38.0,0,1,238.94468085106385,198.1602836879433,200.47234042553197,227.6878048780488,210.76260162601625,232.1219512195122,225.880658436214,202.11111111111111,228.68312757201647,235.9965811965812,171.33162393162394,142.73162393162394
0_100_3800_8,38.0,0,1,236.95460992907803,201.02695035460997,200.4482269503546,227.0276422764228,210.2894308943089,231.44552845528452,224.60493827160496,202.87242798353915,227.76543209876544,235.93504273504277,171.14871794871794,143.82051282051282
0_100_3800_9,38.0,0,1,236.9148936170213,198.71063829787235,200.28794326241135,227.0520325203252,210.8959349593496,232.48292682926828,224.93415637860085,202.71604938271608,228.39917695473247,242.75213675213675,163.6905982905983,142.83589743589744
1500_100_3800_0,38.0,15,1,236.6340425531915,199.08510638297875,200.7531914893617,226.2650406504065,210.62439024390244,233.41951219512197,225.9053497942387,203.9670781893004,229.5432098765432,237.82222222222225,175.31794871794872,137.7076923076923
1500_100_3800_1,38.0,15,1,236.29929078014183,199.3758865248227,200.88510638297876,226.20162601626012,210.7788617886179,234.16747967479677,225.87242798353915,204.1769547325103,229.5432098765432,237.82222222222225,175.6153846153846,140.97094017094017
1500_100_3800_2,38.0,15,1,236.00000000000003,199.45106382978724,200.63120567375887,226.01463414634145,210.86341463414635,233.269918699187,225.85185185185188,203.73251028806587,229.5761316872428,238.04786324786323,161.35555555555555,139.4188034188034
1500_100_3800_3,38.0,15,1,236.02553191489363,199.47659574468088,201.43120567375888,226.01463414634145,211.3252032520325,234.1235772357724,225.4650205761317,203.37448559670784,228.83127572016463,239.7794871794872,177.22393162393163,141.02393162393162
1500_100_3800_4,38.0,15,1,235.38439716312055,198.77021276595747,201.19290780141844,226.3219512195122,210.2357723577236,234.50081300813008,225.4650205761317,204.40740740740745,228.50205761316877,238.0940170940171,174.83931623931625,141.44444444444446
1500_100_3800_5,38.0,15,1,236.5035460992908,199.27234042553192,201.2709219858156,225.80325203252036,210.5121951219512,234.16747967479677,225.87242798353915,203.73251028806587,228.87654320987656,238.71623931623927,161.35555555555555,146.808547008547
1500_100_3800_6,38.0,15,1,236.02553191489363,199.27234042553192,201.3687943262412,226.20162601626012,210.50569105691056,234.0780487804878,225.6172839506173,204.00411522633743,228.50205761316877,237.7196581196581,175.6153846153846,141.3897435897436
1500_100_3800_7,38.0,15,1,236.6340425531915,199.02978723404257,201.48652482269503,225.89105691056912,210.86341463414635,233.269918699187,224.83950617283952,204.22222222222223,229.5432098765432,230.74358974358972,183.61880341880345,141.02393162393162
1500_100_3800_8,38.0,15,1,236.6340425531915,199.27234042553192,201.19290780141844,226.11544715447155,210.94634146341463,233.8520325203252,225.9053497942387,203.9670781893004,229.5432098765432,238.44615384615383,175.6153846153846,140.97094017094017
1500_100_3800_9,38.0,15,1,236.3021276595745,199.50070921985815,201.4638297872341,226.72032520325203,210.67317073170733,234.16747967479677,225.18106995884776,204.13580246913585,228.2263374485597,239.58461538461535,175.23931623931625,146.808547008547
500_200_3800_0,38.0,5,2,239.48794326241136,207.36737588652483,199.9971631205674,225.90569105691057,210.58536585365852,233.5918699186992,227.19753086419755,205.5432098765432,229.33333333333331,227.53333333333333,156.5897435897436,150.22905982905982
500_200_3800_1,38.0,5,2,239.868085106383,207.42836879432625,200.2978723404256,226.19674796747967,210.6813008130081,233.20162601626012,226.69135802469137,205.5432098765432,227.8683127572017,228.04444444444445,157.36581196581196,150.22905982905982
500_200_3800_2,38.0,5,2,240.48510638297876,207.0666666666667,199.72482269503547,226.0845528455285,210.6813008130081,233.8390243902439,226.53909465020575,204.98765432098767,227.8888888888889,228.7401709401709,161.0222222222222,149.97094017094017
500_200_3800_3,38.0,5,2,239.9617021276596,207.1602836879433,199.19716312056735,226.1317073170732,210.6813008130081,234.60162601626016,226.89300411522635,205.82304526748973,227.57201646090536,228.0991452991453,156.5897435897436,148.88888888888889
500_200_3800_4,38.0,5,2,240.7375886524823,207.1943262411348,199.72482269503547,226.0845528455285,210.5317073170732,233.20162601626012,227.32510288065845,205.082304526749,228.9835390946502,228.15384615384616,157.24102564102563,149.93504273504274
500_200_3800_5,38.0,5,2,239.868085106383,206.80141843971631,200.9758865248227,226.07479674796747,211.0991869918699,234.60162601626016,227.761316872428,205.82304526748973,227.8683127572017,228.4017094017094,156.63076923076923,149.3213675213675
500_200_3800_6,38.0,5,2,240.07375886524824,207.42836879432625,200.2978723404256,226.4910569105691,210.54634146341465,234.25691056910568,226.53909465020575,204.98765432098767,229.0082304526749,228.06324786324785,156.9247863247863,150.16923076923078
500_200_3800_7,38.0,5,2,239.868085106383,207.0042553191489,201.2113475177305,226.3252032520325,210.5317073170732,234.24227642276423,225.7448559670782,205.082304526749,227.8683127572017,227.77777777777777,156.28205128205127,147.22905982905982
500_200_3800_8,38.0,5,2,239.55886524822697,207.0042553191489,199.19716312056735,226.6991869918699,210.6390243902439,233.74471544715448,226.53909465020575,204.9794238683128,227.51851851851853,227.53333333333333,156.408547008547,150.22905982905982
500_200_3800_9,38.0,5,2,239.97021276595743,207.1943262411348,201.2113475177305,226.3219512195122,210.41138211382116,234.24227642276423,227.761316872428,205.82304526748973,229.12757201646093,228.06324786324785,156.9059829059829,148.93504273504274
2000_200_3800_0,38.0,20,2,240.62269503546105,203.32482269503544,199.04255319148936,225.7252032520325,210.30569105691055,234.4959349593496,227.6502057613169,205.48559670781896,227.9547325102881,234.57777777777775,162.5042735042735,143.47008547008548
2000_200_3800_1,38.0,20,2,240.47943262411349,203.56879432624115,199.8936170212766,225.94146341463411,210.30569105691055,234.7918699186992,227.6502057613169,205.09465020576133,227.55967078189303,233.6905982905983,162.5042735042735,144.217094017094
2000_200_3800_2,38.0,20,2,240.64822695035463,203.32482269503544,199.777304964539,226.139837398374,210.10731707317072,234.7918699186992,228.06995884773664,204.7078189300412,227.6748971193416,233.44102564102565,163.0888888888889,143.47008547008548
2000_200_3800_3,38.0,20,2,239.9872340425532,203.74609929078017,199.777304964539,226.3756097560976,210.4813008130081,234.11544715447155,228.11522633744855,204.50205761316877,227.99588477366257,233.67008547008547,163.17606837606837,144.21025641025642
2000_200_3800_4,38.0,20,2,240.6212765957447,204.20425531914896,199.8936170212766,226.3756097560976,210.3609756097561,234.5430894308943,226.83950617283952,205.48559670781896,227.59670781893007,233.67008547008547,162.5042735042735,144.3111111111111
2000_200_3800_5,38.0,20,2,240.47943262411349,203.65390070921987,199.777304964539,225.94146341463411,210.30569105691055,234.09268292682927,228.71604938271608,205.2098765432099,227.99588477366257,233.6905982905983,162.5042735042735,143.64444444444445
2000_200_3800_6,38.0,20,2,240.04113475177303,202.99290780141845,198.7063829787234,225.94146341463411,210.37073170731708,234.4959349593496,227.89300411522635,205.48559670781896,227.2098765432099,233.53333333333333,163.0888888888889,144.217094017094
2000_200_3800_7,38.0,20,2,241.11205673758863,203.32482269503544,199.04255319148936,226.3756097560976,210.37073170731708,233.0520325203252,226.9465020576132,205.27572016460908,227.67078189300412,234.57777777777775,162.36068376068377,143.47008547008548
2000_200_3800_8,38.0,20,2,240.62269503546105,203.65531914893617,199.95886524822697,226.28455284552845,210.83739837398372,233.89918699186995,227.76543209876544,204.7078189300412,228.69958847736623,234.24102564102563,162.24957264957266,143.84957264957265
2000_200_3800_9,38.0,20,2,240.04113475177303,203.56879432624115,198.8326241134752,226.6357723577236,210.29756097560977,234.4959349593496,228.0987654320988,205.44444444444449,227.9835390946502,232.12478632478636,162.21196581196585,144.21025641025642
