batch_id,bo_code,NI_D,CC_E,ec,peg,CaCl2,sensitivity,delta_t_raw,reversibility,first_delta_e,r_square,weighted
0,CMS-20230329-102753,10.200000000000001,11.5,22.0,20.5,27.5,2.9273394538008954,-145.375,0.7952084300873299,1.4002761956990009,0.7652469835251883,0.037485319166698054
0,CMS-20230329-102753,23.400000000000002,15.5,8.0,1.0,36.5,3.6316603278693993,-87.64999999999999,0.8779559379663981,1.187651966953808,0.564105971158529,0.020166001439569668
0,CMS-20230329-102753,16.5,7.0,26.0,18.5,10.0,10.467975201657033,-170.325,0.960200136056875,1.9607108264077187,0.8801758154172301,0.15239129457237152
0,CMS-20230329-102753,16.1,10.0,3.0,11.5,21.5,4.249826103976272,-146.95,0.9016748369152023,1.7030505942321847,0.7172275225323306,0.053967470112633045
0,CMS-20230329-102753,14.9,5.0,16.0,33.5,25.5,4.231955528216325,-110.27499999999999,0.873283601706004,1.6514348006515696,0.8413930208252524,0.12255074978863169
0,CMS-20230329-102753,22.200000000000003,29.5,17.0,16.0,13.0,3.8734637526157742,-160.72500000000002,0.8951769396139698,1.6306890338232545,0.8597224211792855,0.08594136002660893
0,CMS-20230329-102753,8.0,18.5,11.5,43.0,10.5,8.33715229072934,-150.4,0.942318818284751,1.501010182727719,0.9048803494041469,0.16208965572699469
0,CMS-20230329-102753,9.4,0.5,15.0,16.0,57.5,0.0895409422841381,-14.275000000000002,0.10762332607355249,1.0158861653117706,0.41546643472390266,2.3863768608230957e-05
0,CMS-20230329-102753,23.5,3.5,43.0,10.0,11.5,5.935835469967436,-132.975,0.9113650766443582,1.33162886129304,0.8502366798459648,0.12316819193251761
0,CMS-20230329-102753,10.8,3.0,31.0,20.0,7.0,9.77580018421034,-174.675,0.9671939498311942,1.4715401431605575,0.9491324432085961,0.14554401194331362
0,CMS-20230329-102753,21.200000000000003,12.0,31.5,10.0,3.0,12.509868809442462,-168.64999999999998,0.9765321071977675,2.306087624458722,0.8890751689241123,0.17454837475432347
0,CMS-20230329-102753,20.900000000000002,8.0,42.0,4.5,8.0,8.535340185499983,-127.65,0.9621524386692076,1.516927794804274,0.7479950710170522,0.09802036960702325
0,CMS-20230329-102753,18.0,7.5,36.5,6.0,13.0,10.205428164196709,-147.1,0.9655019440183769,2.2151202246192385,0.7628470629579072,0.11246983906297894
0,CMS-20230329-102753,15.700000000000001,9.0,4.5,6.5,16.5,6.861612900617306,-139.175,0.9404590588552294,1.6094617582169148,0.6944234702718302,0.07060531044753465
0,CMS-20230329-102753,33.2,3.5,36.0,3.0,22.5,4.56826508012984,-117.75,0.8425748996009613,2.148021070104286,0.664650425042913,0.05499301552534978
0,CMS-20230329-102753,28.3,32.0,7.0,28.5,3.0,5.097912305441534,-177.75,0.8910208502831977,2.2746798055846953,0.8513897785603366,0.09992199317583855
0,CMS-20230329-102753,27.700000000000003,15.5,13.0,32.5,3.5,6.912424651804095,-153.72500000000002,0.9426904289812792,1.3615144488978066,0.912644541789819,0.1712025044173103
0,CMS-20230329-102753,39.1,8.5,34.5,5.0,1.0,10.376941511906447,-133.6,0.9605491227288533,3.0533361073166914,0.8348903573797848,0.21604938218225672
0,CMS-20230329-102753,11.200000000000001,14.5,30.0,14.0,23.5,4.505225894377374,-158.0,0.9136421456871688,2.0330947329151385,0.7336145593934482,0.05712654114157324
0,CMS-20230329-102753,29.700000000000003,7.5,6.5,0.5,2.5,5.765488054977469,-100.875,0.9293273644918563,1.35690972900697,0.7463473468247472,0.08440474801937625
0,CMS-20230329-102753,4.9,45.5,6.0,2.5,41.0,2.062137044763956,-106.825,0.7987775199205887,0.9556388321211373,0.7384031216611607,0.023561875481497865
0,CMS-20230329-102753,14.200000000000001,18.0,11.5,40.5,6.0,6.384481824103366,-153.275,0.8976631147976608,1.8536381160022575,0.897002287065296,0.1752537346229115
0,CMS-20230329-102753,14.3,23.0,27.5,15.5,11.5,2.264557900116573,-73.425,0.7504261044022448,1.2842725189976625,0.8018620668964992,0.04792867437354133
0,CMS-20230329-102753,0.2,11.0,24.5,26.0,36.0,2.8570086497078373,-137.27499999999998,0.7226365722935294,1.4587608925641942,0.7785288460441386,0.03923160216497471
0,CMS-20230329-102753,45.400000000000006,1.5,10.5,9.5,33.0,1.5783616774399039,-66.7,0.6991822349275922,1.350996346439626,0.746976842628655,0.02161516359542754
0,CMS-20230329-102753,6.300000000000001,15.0,40.0,1.5,34.5,1.9745801041802291,-85.1,0.848205816521194,0.7593446400704144,0.48039289790304524,0.00507308007060773
0,CMS-20230329-102753,0.4,5.0,2.0,13.0,4.5,6.272432079697484,-118.825,0.9671593817617221,0.8965772503080721,0.9429966368649807,0.19354291122926293
0,CMS-20230329-102753,46.2,7.5,11.0,19.0,3.0,8.900811518122902,-158.52499999999998,0.9532443511171935,1.6989908282191708,0.9568494524861284,0.18198938868951284
0,CMS-20230329-102753,31.200000000000003,21.5,24.5,10.0,2.5,8.72995314411947,-181.675,0.9594456337011571,3.207881965088524,0.8355721481682412,0.13565843336529268
0,CMS-20230329-102753,15.100000000000001,3.5,2.0,28.5,6.5,9.272749784624095,-180.1,0.9584825979478719,1.5442893807958633,0.9590897405423121,0.13534382588725066
0,CMS-20230329-102753,9.0,1.0,25.0,23.5,25.5,2.8502523541547324,-137.97500000000002,0.806990082139483,1.199555308581702,0.9800508959484713,0.08258988522844057
0,CMS-20230329-102753,58.6,12.0,0.0,0.5,8.5,3.835741256599941,-93.30000000000001,0.8729883747075322,1.059873022407535,0.5198534221376272,0.01518316552918057
0,CMS-20230329-102753,2.7,17.5,47.5,12.5,7.0,11.191908930292161,-153.025,0.9733401941521964,1.5177318171222438,0.8798094139742874,0.17170583084163227
0,CMS-20230329-102753,3.4000000000000004,41.5,19.5,3.5,21.5,6.768992310071833,-121.45,0.8428599152262426,1.3154123876818424,0.6106127728202226,0.042993767465360745
0,CMS-20230329-102753,19.700000000000003,7.5,23.0,31.0,8.5,7.434539358626602,-139.35000000000002,0.9431436577852981,1.502800400807049,0.9300121657102033,0.150560103769375
0,CMS-20230329-102753,25.400000000000002,3.5,26.0,32.0,5.5,4.040583112476644,-112.64999999999999,0.7888315471851473,0.9844576757563387,0.8737851274039282,0.11452183669128879
0,CMS-20230329-102753,16.3,10.5,64.5,6.0,2.0,7.485270321410011,-126.69999999999999,0.9409523085497855,2.338810585365623,0.8779190523567895,0.21838853554823903
0,CMS-20230329-102753,1.2000000000000002,9.0,26.0,7.0,4.0,7.991485646987941,-141.32500000000002,0.9571986039368003,1.38495705455234,0.9130706343094495,0.19960652399701406
0,CMS-20230329-102753,5.9,75.0,2.5,13.0,0.5,9.034685805415371,-159.67499999999998,0.961471018232247,7.566310091132849,0.7538085766662167,0.274485065120066
0,CMS-20230329-102753,19.3,47.0,16.0,6.0,3.5,6.497058816950327,-146.075,0.943075489595123,5.716286152493495,0.7382073496312658,0.19548457061944602
0,CMS-20230329-102753,24.900000000000002,6.5,25.0,4.0,29.0,2.8193866577181033,-88.65,0.7962727708616079,1.4269903742763506,0.5663921427047328,0.014031787608818212
0,CMS-20230329-102753,3.8000000000000003,10.0,49.0,25.0,4.5,9.285524076022984,-139.3,0.9591300268964882,1.7743486220015918,0.9314220646255935,0.21797699499460566
0,CMS-20230329-102753,30.200000000000003,17.5,3.0,35.0,5.5,5.111517921754347,-148.625,0.8640298583709264,1.7581930926042393,0.8806117682216982,0.14055676039920548
0,CMS-20230329-102753,34.300000000000004,17.0,4.0,13.5,16.5,2.6903207322394747,-130.825,0.8249938440773306,2.022479471480299,0.7116930925496463,0.03354350534429428
0,CMS-20230329-102753,0.6000000000000001,24.0,3.0,19.0,43.0,1.3540091230597007,-133.625,0.7094840063199765,1.3777793611995526,0.8819302181210114,0.0277422647916721
0,CMS-20230329-102753,8.9,32.5,40.5,5.5,9.0,8.03901991820005,-139.25,0.9466818186502715,3.454176778646025,0.7468277401390189,0.14109468105290154
0,CMS-20230329-102753,10.4,7.0,7.0,22.5,32.0,4.132288625814687,-135.8,0.7989045988458565,1.7457808127578036,0.784705691947196,0.07793972792695117
0,CMS-20230329-102753,14.200000000000001,34.0,16.0,11.5,23.0,2.961162713761624,-130.75,0.8682148832896995,1.3035625833638904,0.75240511871671,0.038274589033319394
0,CMS-20230329-102753,39.900000000000006,14.5,10.0,2.0,13.0,3.0555220923647424,-98.425,0.8682885948182517,0.8266188634858903,0.5878715900579327,0.01533556459450385
0,CMS-20230329-102753,4.5,23.0,8.5,22.0,31.5,1.8615160932984458,-157.1,0.7702902762472947,1.819240170281286,0.8513956294530056,0.034587194290414035
0,CMS-20230329-102753,1.3,16.5,5.5,13.5,62.5,0.7641088711462113,-84.92500000000001,0.5616992722851397,1.1707557949172127,0.9431724628501152,0.007813827532913153
0,CMS-20230329-102753,8.3,3.0,47.0,17.5,7.5,10.313118166278045,-173.5,0.9689917605003495,1.5224592838491544,0.9371049482073561,0.14880733134330704
0,CMS-20230329-102753,5.6000000000000005,6.5,19.0,54.5,0.5,0.2208842584108195,-27.55,0.47986584082030753,1.1130696996075713,0.8217387817344461,0.007194710508675044
0,CMS-20230329-102753,26.0,10.5,0.5,30.0,5.5,5.881655647797768,-162.42499999999998,0.9206119805779336,0.9762561271542164,0.8755963381561911,0.1172306385312229
0,CMS-20230329-102753,13.700000000000001,2.0,1.0,19.5,56.0,0.9844313729211174,-59.849999999999994,0.49927353409268926,1.442879144405012,0.5911684955751884,0.0014325348496637793
0,CMS-20230329-102753,0.4,8.5,31.0,27.0,20.0,5.388954095643065,-173.2,0.8860987236724266,1.805501760337547,0.8140723785064022,0.08572708194911274
0,CMS-20230329-102753,22.6,2.0,15.0,46.5,12.5,0.29106523157062814,-34.375,0.458157237851294,1.1000499415987854,0.8971212645746562,0.0055858388172375685
0,CMS-20230329-102753,27.200000000000003,6.0,4.0,25.0,34.0,4.153358863951696,-95.525,0.8597439987912137,2.0679564613066987,0.8100681316512018,0.1162370777380646
0,CMS-20230329-102753,2.3000000000000003,47.5,15.0,0.5,4.5,9.243997007016386,-143.64999999999998,0.9551126958652708,3.2363701990143183,0.7588079595046686,0.14259807862140006
0,CMS-20230329-102753,11.100000000000001,1.0,3.5,38.0,38.5,0.1255315974617053,-20.05,0.2216928040376389,0.701030964924946,0.6412674984725357,0.00039770853930134
0,CMS-20230329-102753,3.5,7.0,0.0,6.5,49.0,1.3868034962609892,-103.92500000000001,0.7239794868076566,1.212359269381497,0.7403873973932439,0.01611108959956464
0,CMS-20230329-102753,61.5,1.0,22.0,11.0,1.0,0.44438904277041913,-47.275000000000006,0.5449313512084935,1.4469384861993992,0.8499489435003416,0.0151909772828617
0,CMS-20230329-102753,6.300000000000001,7.0,23.0,37.5,6.0,9.03751303891969,-168.275,0.9605259773232201,1.7960986607037703,0.9557985738635687,0.17053536966168684
0,CMS-20230329-102753,71.10000000000001,1.0,5.0,2.5,6.5,3.0609074555528526,-86.57499999999999,0.8656278252916249,2.80402611898695,0.7652630335712407,0.064129711074473
0,CMS-20230329-102753,12.0,24.5,49.5,0.0,10.5,9.276862276677939,-127.02499999999999,0.9044787012233617,2.769871845737227,0.7275876975260784,0.12043800101938111
0,CMS-20230329-102753,7.800000000000001,47.5,14.5,3.5,6.5,8.998986480023182,-134.6,0.9656150870614718,2.726435727782464,0.7095789992068954,0.10069677297623268
0,CMS-20230329-102753,6.7,40.5,2.0,27.5,21.0,2.504370536130847,-147.35,0.7967002516260226,1.8210178329282298,0.8968682434631166,0.0647841513388171
0,CMS-20230329-102753,15.8,11.0,35.5,33.0,3.5,7.922220302509871,-159.5,0.9452596263455506,1.8117385046583951,0.9513932246732469,0.1728610555523609
0,CMS-20230329-102753,6.1000000000000005,27.5,7.0,35.0,17.5,4.708604066891745,-137.25,0.8577769568698999,1.698549205754015,0.8454534467625604,0.10277810688828867
0,CMS-20230329-102753,36.800000000000004,54.5,1.0,1.0,3.5,6.20787204310774,-158.575,0.8803744716408805,2.0838512637677975,0.7463872241953546,0.0844505439664305
0,CMS-20230329-102753,1.4000000000000001,10.0,5.0,13.0,65.0,0.8174193776491138,-96.55000000000001,0.5894647022253832,1.4910354183245105,0.9013762111500243,0.010437565546087567
0,CMS-20230329-102753,8.0,45.5,18.0,6.0,16.5,7.4298629496037005,-138.70000000000002,0.9365937948326949,3.1935893477667787,0.7091370211403287,0.09302796843717899
0,CMS-20230329-102753,11.5,15.5,4.5,35.5,13.5,4.370156205489731,-134.0,0.8790826566126769,1.4697578025669071,0.8026169955876687,0.09300204337317879
0,CMS-20230329-102753,46.6,2.5,15.0,29.0,5.0,0.9545581278278072,-49.725,0.5390100217575486,1.0664554723774908,0.7135152701079333,0.02634767711399534
0,CMS-20230329-102753,19.8,16.5,11.5,41.5,10.5,6.590284137010524,-148.525,0.9447934134213613,1.3275864490905738,0.88972365839362,0.16964209265463306
0,CMS-20230329-102753,28.400000000000002,17.5,21.5,10.5,15.0,3.468757342590916,-124.875,0.8614732043115285,1.7826437011451224,0.7251749787521624,0.04725371960400662
0,CMS-20230329-102753,4.0,25.0,14.5,12.5,6.5,11.838502719490837,-140.525,0.9777731079333797,2.2595241556295154,0.859950749631704,0.20228162901155206
0,CMS-20230329-102753,10.100000000000001,28.0,3.5,16.5,13.0,6.1633347871419195,-158.15,0.9524735343078211,1.7057215007517914,0.790173158369557,0.10139327859554675
0,CMS-20230329-102753,0.4,26.0,7.5,63.5,1.5,5.9887442995454485,-124.125,0.9224385324856101,2.104282289636819,0.94153351178231,0.2001106322297687
0,CMS-20230329-102753,27.1,19.0,5.0,29.0,10.5,4.146830290512326,-134.05,0.8913147026060593,1.322782747960996,0.837708994060675,0.10231988196420978
0,CMS-20230329-102753,7.800000000000001,16.5,1.5,16.0,40.5,0.9779299336145105,-115.275,0.6288235426672701,1.084659582559814,0.9302540021039197,0.016556475279894265
0,CMS-20230329-102753,13.700000000000001,24.5,1.0,35.0,0.0,6.431224990095037,-190.85000000000002,0.8724577621275618,2.832939739805862,0.9007542823923101,0.1337695538032248
0,CMS-20230329-102753,7.800000000000001,3.5,27.5,42.0,11.5,4.724004553117121,-123.25,0.886375336053284,1.8478240089031797,0.9332728440310242,0.1364452487417171
0,CMS-20230329-102753,22.1,9.5,22.5,15.5,20.0,4.583626882274098,-132.25,0.8798703593478947,1.60892281221494,0.7484272038625379,0.06957559343481763
0,CMS-20230329-102753,23.1,0.5,8.5,14.0,9.0,1.810811290720126,-100.625,0.8514409339702897,0.9301973164996404,0.9082421898051442,0.047373714907513034
0,CMS-20230329-102753,64.60000000000001,10.0,1.5,2.5,8.0,2.6846967712027228,-76.6,0.8324956622543163,1.1085606807024282,0.5389952078423679,0.010305851014489078
0,CMS-20230329-102753,22.900000000000002,8.0,25.0,16.5,7.5,8.664643787409837,-164.0,0.9624423332036423,1.5493907195427918,0.8869503214920668,0.15391081510268004
0,CMS-20230329-102753,28.1,11.0,23.5,9.5,12.5,4.951657310051084,-141.775,0.9169889135944143,1.9464210834579958,0.7370411153868052,0.08035930720936316
0,CMS-20230329-102753,8.8,17.0,4.5,29.5,17.0,3.3685742707742867,-151.79999999999998,0.8146105825383876,2.290806726112311,0.7567723058115438,0.05476784482607251
0,CMS-20230329-102753,27.0,16.0,22.5,15.0,7.5,8.42867497427367,-151.95,0.9557909502376516,1.3714927798773886,0.8738650390519984,0.16118040089590446
0,CMS-20230329-102753,43.300000000000004,11.0,3.5,12.5,15.0,3.0874477832277893,-113.9,0.8405455212053764,1.3981982769208632,0.7753225832796837,0.05147073668155883
0,CMS-20230329-102753,22.400000000000002,1.5,40.5,31.0,1.0,2.266078625467843,-104.65,0.8751580398710801,2.548154451384881,0.8674146141146967,0.07595565086078761
0,CMS-20230329-102753,15.600000000000001,0.5,8.0,14.0,4.5,1.0701297437557247,-65.5,0.7503135885581337,1.5488736981146536,0.900881095018231,0.03519708827494947
0,CMS-20230329-102753,0.1,5.0,46.0,17.0,0.0,5.366721392049384,-153.975,0.9594759552488596,1.8072072555974221,0.9321946601176414,0.15226361900714974
0,CMS-20230329-102753,3.0,32.0,28.0,34.5,1.0,5.203746051520962,-197.6,0.8357426679596549,3.390347692947193,0.9122244020299828,0.12350592105982414
0,CMS-20230329-102753,10.0,10.0,20.0,5.0,5.0,7.12158936788566,-126.80000000000001,0.9555553231028184,1.0054545426578694,0.8117417496448125,0.12437405872223246
1,CMS-20230329-102753,56.5,43.5,0.0,0.0,0.0,6.191663161498706,-112.25,0.5507571161276051,2.5493064292652514,0.6974226735089132,0.1466339368930558
1,CMS-20230329-102753,0.0,83.0,0.0,17.0,0.0,3.693284887090044,-120.675,0.7314433085505263,2.2139499438733776,0.8682984211074081,0.10752188763214099
1,CMS-20230329-102753,0.0,85.0,5.5,9.0,0.0,6.3261614599737275,-137.475,0.8589255065790393,1.84494508622066,0.8752406132493219,0.15014701530556235
1,CMS-20230329-102753,0.0,87.0,0.0,6.0,7.5,7.617335942254474,-130.625,0.5767675757876487,2.907587541663079,0.8628111968988788,0.1522078116290115
1,CMS-20230329-102753,0.0,68.0,0.0,32.0,0.0,4.479673098760413,-61.1,0.352759331124565,2.779919662857273,0.443216336291082,0.1608839912737212
1,CMS-20230329-102753,0.0,90.0,10.0,0.0,0.0,6.08849055555059,-124.42500000000001,0.6342069854182744,2.035247051355717,0.7494287210197921,0.10712144425312181
1,CMS-20230329-102753,0.0,85.0,0.0,0.0,15.0,5.291916331308783,-102.25,0.5962748014679942,2.2074705844911806,0.6411328129380037,0.11425461330538614
1,CMS-20230329-102753,6.5,92.5,1.0,0.0,0.0,6.428182188422065,-96.125,0.6134869622638606,2.2672641742686164,0.7700362429108907,0.14896173881702712
1,CMS-20230329-102753,8.1,85.0,7.0,0.0,0.0,9.022442098771387,-118.075,0.583278466082932,3.544093192050074,0.6819241605648435,0.1439512974060882
1,CMS-20230329-102753,0.0,100.0,0.0,0.0,0.0,3.2763226031957853,-127.25,0.6306671863296932,1.605678541850312,0.9034587609278496,0.09640849178187773
1,CMS-20230329-102753,0.0,61.0,0.0,39.0,0.0,8.12624784113904,-142.325,0.7652946326472391,4.361949163387739,0.9059397340786821,0.1476668392951846
1,CMS-20230329-102753,0.0,61.0,7.0,32.0,0.0,2.9617995736349183,-104.9,0.6610785241233452,1.2570619047152023,0.8100974477982925,0.08499998659416419
1,CMS-20230329-102753,0.0,54.0,0.0,46.0,0.0,7.1779925523910455,-129.125,0.6308295214365154,3.1093857515311925,0.8205296189805015,0.13787814763571402
1,CMS-20230329-102753,15.100000000000001,85.0,0.0,0.0,0.0,4.856924934261693,-82.025,0.13950397852468996,3.338869770037769,0.6817825408411673,0.05700608503629032
1,CMS-20230329-102753,7.1000000000000005,61.0,0.0,32.0,0.0,5.452495726080722,-139.1,0.7748619916599038,2.747013324219851,0.8932293944400144,0.13842469287846473
1,CMS-20230329-102753,0.0,0.0,0.0,100.0,0.0,4.616841487671435,-95.92500000000001,0.7415321751685501,2.017884847351847,0.7912662450005782,0.07377388282003391
1,CMS-20230329-102753,11.8,64.5,0.0,24.0,0.0,4.950176992552143,-123.45,0.6298726859534793,1.7385689946308007,0.666155811335186,0.07269382309385891
1,CMS-20230329-102753,0.0,0.0,7.0,93.0,0.0,4.844469732881089,-104.875,0.6589523473076528,1.8147566983696586,0.8738017166553076,0.13972532584164418
1,CMS-20230329-102753,0.0,0.0,0.0,93.0,7.0,8.763877380939274,-189.175,0.8190862709607581,4.326308819978479,0.9277655857068936,0.14428954868432498
1,CMS-20230329-102753,0.0,83.0,17.0,0.0,0.0,6.0432705249405,-117.975,0.642069700501079,2.573724374568763,0.719676679507234,0.15186486306350494
1,CMS-20230329-102753,7.1000000000000005,0.0,0.0,93.0,0.0,9.294334318349984,-170.35000000000002,0.7639721580894145,4.5093901739410684,0.9073723276273453,0.16979420180601412
1,CMS-20230329-102753,0.0,7.0,0.0,93.0,0.0,2.298142040273596,-101.97500000000001,0.5223166957632419,1.8386687700580977,0.5830225081343294,0.05838598087713819
1,CMS-20230329-102753,5.1000000000000005,63.5,7.5,24.0,0.0,7.132333985786864,-150.175,0.8973309009105708,2.932995346641709,0.8639906643477875,0.17631910844110388
1,CMS-20230329-102753,0.0,0.0,14.0,86.0,0.0,5.641409931548671,-138.125,0.8069143791117507,2.628874092701983,0.866708027301046,0.13592749560270725
1,CMS-20230329-102753,0.0,67.0,0.0,0.0,33.0,2.859734140406713,-105.7,0.5545260751859213,1.2605080923268426,0.6769052336866286,0.04448251928414803
1,CMS-20230329-102753,0.0,61.0,0.0,32.0,7.0,3.828488457382668,-145.95,0.7862852201699541,1.5324638126349748,0.9267996670142838,0.08495158544334887
1,CMS-20230329-102753,7.1000000000000005,54.0,0.0,39.0,0.0,1.9919130866643202,-110.25,0.5267787255174392,1.3369677428676647,0.8644534017375836,0.04579909151116152
1,CMS-20230329-102753,0.0,0.0,0.0,86.0,14.0,5.604037691176419,-107.575,0.6598621268406335,1.370382745454268,0.8176374360910597,0.13425963821910603
1,CMS-20230329-102753,0.0,59.5,14.5,26.0,0.0,5.961875877478604,-99.6,0.6007240749302658,3.106597061584237,0.760359027217536,0.11246207122499385
1,CMS-20230329-102753,0.0,46.5,0.0,53.5,0.0,3.696105372256385,-157.7,0.7829808074664628,1.073115828207925,0.9273591412441395,0.08220377197456091
1,CMS-20230329-102753,0.0,62.5,0.0,24.5,13.5,3.2754267171565488,-72.775,0.4203651077578907,2.7562148296083544,0.6651198452795374,0.10596208110593264
1,CMS-20230329-102753,0.0,21.0,0.0,79.0,0.0,6.096576398799925,-131.325,0.6152653673535442,3.5515502184299956,0.8211448873510548,0.22311059564976493
1,CMS-20230329-102753,17.3,64.0,18.5,0.0,0.0,6.805565597308946,-137.55,0.752385563529691,1.8923662611762007,0.8700261548167089,0.09885292396327602
1,CMS-20230329-102753,34.7,35.0,0.0,0.0,30.0,5.40104492658673,-117.725,0.5899625675196623,2.200516513220634,0.9045462083351541,0.1444559055249691
1,CMS-20230329-102753,17.2,35.0,2.5,0.0,45.5,5.523515144566001,-137.27499999999998,0.688195889865244,3.457029000853129,0.8192684322981044,0.11950628776602856
1,CMS-20230329-102753,0.0,70.0,14.5,10.5,5.0,4.624239045829134,-80.69999999999999,0.44049858583342116,2.186810250698454,0.691650466932613,0.11168612557836774
1,CMS-20230329-102753,41.0,23.0,18.5,17.5,0.0,1.3077123042049066,-47.3,0.05339831205502854,1.5871412337932407,0.4048475709749456,0.04193421269609223
1,CMS-20230329-102753,4.2,27.0,0.0,8.0,60.5,5.65964522932135,-136.75,0.6667921320381476,2.5362642222805243,0.7625062739878112,0.10556443512386271
1,CMS-20230329-102753,22.8,5.5,12.0,15.0,44.5,1.0524171930455244,-64.15,0.23993161046584704,1.5340596147868444,0.5476629476179282,0.016632960963403675
1,CMS-20230329-102753,0.0,9.0,70.5,0.0,20.5,4.443243915577584,-76.9,0.4162191453135955,2.3270258066801572,0.5271268493615888,0.08486378095438846
1,CMS-20230329-102753,13.700000000000001,0.0,29.0,46.0,11.0,4.341532923759498,-92.22500000000001,0.5750977915292562,1.5930557005393615,0.6498034123979621,0.1344382871386508
1,CMS-20230329-102753,56.900000000000006,1.0,3.5,26.0,12.5,2.650828445033863,-81.95,0.4740609125396301,1.8253686910882934,0.4623497710664047,0.05388757717210935
1,CMS-20230329-102753,0.0,35.0,25.0,0.0,40.0,8.086840044152297,-149.79999999999998,0.727723481192643,4.100069813004501,0.8627065016305373,0.10054987722486247
1,CMS-20230329-102753,64.0,9.5,0.0,0.0,26.5,5.427949793641197,-88.475,0.24040542899185194,3.9244354186238306,0.5376315654153789,0.08243704891347746
1,CMS-20230329-102753,49.300000000000004,5.0,22.5,19.0,4.5,3.9570728082761577,-124.32500000000002,0.6382029108270384,1.7522343270549008,0.8612576490672678,0.07388317678900853
1,CMS-20230329-102753,26.3,43.5,0.0,30.0,0.0,6.428772061464654,-120.82499999999999,0.6348002803016108,3.505423796073337,0.8867960764228011,0.23146031822227264
1,CMS-20230329-102753,67.4,4.0,21.0,0.0,7.5,5.474038444989481,-104.575,0.6548629218125277,2.8473805479856313,0.5904906846596943,0.10754127693767557
1,CMS-20230329-102753,0.0,52.5,47.5,0.0,0.0,4.913676743010544,-126.85,0.5314840341397795,2.9956050216774903,0.7462147961155922,0.099019405363168
1,CMS-20230329-102753,13.5,0.0,36.5,0.0,50.0,6.909116089787379,-146.64999999999998,0.8430442785376904,3.5041086363246317,0.8217455294909761,0.16001880226351822
1,CMS-20230329-102753,4.5,29.0,29.0,22.0,15.5,7.7948842072586295,-161.6,0.8831169410673766,3.7948642422062764,0.8970031595515047,0.23580476258691585
1,CMS-20230329-102753,2.1,22.5,2.5,35.5,37.0,3.2633383580043986,-106.775,0.49062428729977975,2.0759321100485058,0.7845005352298908,0.08047300555499112
1,CMS-20230329-102753,27.700000000000003,55.5,0.0,6.5,11.0,3.5283051043480658,-79.725,0.34134549650404133,2.55615336590143,0.47444638292356955,0.12990394377769798
1,CMS-20230329-102753,73.0,26.5,0.0,0.0,0.5,6.861479079523597,-114.09999999999998,0.5298098424666646,4.114560074913618,0.8473927452068698,0.0764758972780399
1,CMS-20230329-102753,36.1,0.0,18.5,44.5,1.0,10.48956949701186,-183.625,0.8394057534968729,5.949579752040117,0.9291976293603836,0.2502496199055272
1,CMS-20230329-102753,9.0,0.0,33.0,58.0,0.0,5.6661609134304,-130.95000000000002,0.8191234554103612,2.3929770952543508,0.696631721541106,0.13091430691536834
1,CMS-20230329-102753,0.0,55.5,27.5,0.0,17.0,6.107577447582967,-114.30000000000001,0.5967482537512904,2.948849826809232,0.8003586833615999,0.10454934901585314
1,CMS-20230329-102753,27.900000000000002,23.0,11.5,0.0,37.5,2.150719445021698,-69.725,0.2875114140535912,1.4049606451814838,0.5796677718618753,0.07013657215869967
1,CMS-20230329-102753,24.8,31.0,44.0,0.0,0.0,4.148245217966235,-118.65,0.6410815719887892,1.5084609687070842,0.8830575916885095,0.09599151355872036
1,CMS-20230329-102753,0.0,27.0,19.5,9.5,44.0,9.061932201272114,-133.125,0.8751305363494264,2.84546815024894,0.9085887820837282,0.23702657268526536
1,CMS-20230329-102753,0.0,44.0,0.0,0.0,56.0,2.4196824060732713,-122.25000000000001,0.5437874947854371,1.4630475342038318,0.8817289745213756,0.05248237141190193
1,CMS-20230329-102753,39.5,8.5,15.0,10.5,27.0,9.921599858434412,-158.675,0.7400835555453681,4.977079668478719,0.906603749385656,0.14815497431381205
1,CMS-20230329-102753,49.1,0.0,0.0,0.0,51.0,3.7060302615074185,-87.7,0.2978906151039424,1.9501237998137975,0.46913407024274806,0.05397284635949873
1,CMS-20230329-102753,10.100000000000001,65.0,0.0,0.0,24.5,7.224947043539908,-115.525,0.6604206171579994,2.7164801124783535,0.8082923685672728,0.1286815744314335
1,CMS-20230329-102753,0.0,9.0,0.0,48.0,43.0,5.235320797536849,-99.425,0.3535732665291666,2.5195128433723726,0.7000250896396645,0.11048971328275004
1,CMS-20230329-102753,57.300000000000004,25.0,16.5,1.5,0.0,11.895890872862159,-175.85000000000002,0.9168930739301653,6.028048343436321,0.8677873484616938,0.3011065072804373
1,CMS-20230329-102753,25.3,23.5,0.0,0.0,51.5,4.783188029432275,-109.42500000000001,0.5094617746360377,2.2730891473458845,0.6916952556035965,0.0923485917266237
1,CMS-20230329-102753,6.7,0.0,32.0,27.5,34.0,3.643407893097061,-97.85,0.29436082055532287,2.2212303171890113,0.7153178805587181,0.047602501476395984
1,CMS-20230329-102753,18.3,0.0,0.0,0.0,81.5,8.77807848092332,-149.775,0.9061919533734833,3.538563287573191,0.8940370119872032,0.2606814833661175
1,CMS-20230329-102753,0.0,20.0,49.0,31.0,0.0,6.073641683808993,-127.375,0.5902137291405676,3.604011193176877,0.7886712409199639,0.17144280854056454
1,CMS-20230329-102753,7.6000000000000005,60.5,16.5,15.5,0.0,4.356229659855824,-142.15,0.5995384432403188,2.540504961358384,0.6749430359750335,0.09832493019897195
1,CMS-20230329-102753,13.5,0.0,62.5,24.0,0.0,1.2243202195385938,-59.8,0.3216836940378557,1.121088908171809,0.4790490043253307,0.014234339004693458
1,CMS-20230329-102753,14.4,15.0,58.0,13.0,0.0,6.255987017421884,-126.19999999999999,0.6094562152238325,2.662250245912438,0.7803171862052349,0.09685197035398731
1,CMS-20230329-102753,17.3,24.5,0.0,21.0,37.0,4.290999730200942,-78.35,0.41110167188508356,2.4475558432408344,0.6475943567928837,0.07498599026689567
1,CMS-20230329-102753,0.0,39.0,40.0,21.0,0.0,9.354015049197747,-160.325,0.9176068555193582,3.2958169665874593,0.8825028300482098,0.18145939944817546
1,CMS-20230329-102753,47.0,43.0,0.0,10.0,0.0,7.572086403468382,-140.375,0.7850943089256095,4.799647620197365,0.9006959240970974,0.17499430239288943
1,CMS-20230329-102753,0.0,45.0,10.0,0.0,45.5,6.337679665117856,-132.2,0.5845424154536549,2.8969621403487,0.7384704555996133,0.11662047897030381
1,CMS-20230329-102753,6.1000000000000005,15.0,41.0,38.0,0.0,9.065611117800156,-170.8,0.843979606568952,3.330136441926218,0.8861854888827525,0.17979079913160018
1,CMS-20230329-102753,27.3,0.0,72.5,0.0,0.0,1.7852797777784246,-55.625,0.27862467684416026,1.2263110911067685,0.4479078569391304,0.052257638617889526
1,CMS-20230329-102753,0.0,53.5,37.0,0.0,9.5,5.0816807170023,-100.20000000000002,0.5587839630247224,2.5255303021182582,0.6589487007613335,0.11690181079516876
1,CMS-20230329-102753,0.0,21.5,0.0,55.5,22.5,4.777586556774228,-96.05,0.4954070102708783,2.0421011085318055,0.6610544502476166,0.09325935856269638
1,CMS-20230329-102753,44.0,22.0,0.0,25.0,9.5,3.796406102633835,-92.64999999999999,0.3231196627999804,1.6273689322423597,0.7156403084855306,0.06554029281351212
1,CMS-20230329-102753,3.4000000000000004,6.0,19.0,3.5,68.0,9.930663122666061,-159.6,0.8379121802956078,3.100810881500509,0.9073334719353758,0.19500646679133893
1,CMS-20230329-102753,6.9,27.0,17.5,46.0,3.0,5.563798333652126,-130.275,0.5385597265009756,5.181152069378623,0.7731607398612417,0.15569180041060798
1,CMS-20230329-102753,27.900000000000002,0.0,56.0,16.0,0.0,3.804635199628021,-107.17499999999998,0.5150928524089491,2.0642374508388404,0.7752269500692723,0.11645079249261547
1,CMS-20230329-102753,28.1,0.0,14.0,21.0,37.0,1.844763956948487,-78.975,0.5216771031708076,1.7539702283853682,0.597817301331948,0.05803130473295819
1,CMS-20230329-102753,27.5,33.0,0.0,0.0,39.5,4.1712558164632,-142.475,0.5320583644508012,3.3251014057102464,0.7070116091348344,0.11416385566720437
1,CMS-20230329-102753,0.0,3.5,52.5,44.0,0.0,5.153312861550556,-105.175,0.3109635927992943,3.2035479703862424,0.7049192687199819,0.09852388616439205
1,CMS-20230329-102753,48.7,0.0,27.5,3.0,21.0,3.8739383248648,-73.39999999999999,0.31097097159597725,2.636900799525755,0.5920621884551478,0.08287897689891738
1,CMS-20230329-102753,23.5,41.0,35.5,0.0,0.0,2.3818686845305597,-62.22500000000001,0.31775897337739767,1.459925925959334,0.5629435978363426,0.07665328627165294
1,CMS-20230329-102753,24.400000000000002,0.0,38.0,37.5,0.0,8.901452109750227,-129.65,0.8314820781348194,3.8444098857836027,0.7449185133338072,0.18176883405489352
1,CMS-20230329-102753,22.400000000000002,3.5,50.0,6.5,17.0,6.384563481958386,-122.15,0.597912245857082,3.5040651378500725,0.6364471707480188,0.13065004520087659
1,CMS-20230329-102753,43.5,0.0,41.5,15.0,0.0,7.691897429846574,-149.45,0.6635729229746228,3.887153166570999,0.7497596245834093,0.16347462894490283
1,CMS-20230329-102753,45.5,32.0,20.0,2.5,0.0,7.537341090284674,-118.1,0.5638758976530135,2.380079164253547,0.7514855196033119,0.15944285529362917
1,CMS-20230329-102753,25.700000000000003,0.0,9.0,0.0,65.0,4.699751890477375,-124.025,0.5987074447411611,1.4107640125244103,0.6781570577168494,0.06439102178490935
1,CMS-20230329-102753,10.0,10.0,20.0,5.0,5.0,8.887047566218921,-131.25,0.488543992696169,4.981042987465219,0.6901184053355179,0.1387491545242298
1,CMS-20230329-102753,5.9,75.0,2.5,13.0,0.5,8.59032163201962,-124.725,0.6256137586494044,3.217936321862676,0.7665514166017456,0.18344893954607805
2,CMS-20230329-102753,7.1000000000000005,14.0,25.0,22.5,0.0,9.7285735404643,-167.42499999999998,0.9405776994699202,2.265701817079439,0.9452953495332623,0.1906812709153178
2,CMS-20230329-102753,0.0,18.0,26.0,10.5,0.0,6.8409918200901085,-111.82499999999999,0.9577565332044512,4.488605497026597,0.8522422307389004,0.34398588101049343
2,CMS-20230329-102753,6.0,27.0,26.0,1.5,0.0,7.589417520009899,-118.05,0.9618735773760418,2.4482435290957207,0.8323093103253822,0.195474407126566
2,CMS-20230329-102753,0.0,34.5,25.5,26.0,0.0,6.2454058787767375,-188.3,0.9121922196070635,2.0942499333897215,0.8949751524895203,0.11787064081584968
2,CMS-20230329-102753,5.6000000000000005,10.0,26.0,9.0,0.0,5.363297442542562,-96.675,0.9550230527999852,3.475870799508462,0.8907892032503288,0.29598385844359765
2,CMS-20230329-102753,2.0,23.0,26.0,39.5,0.0,8.725096734642948,-148.075,0.9406039291872308,3.0768129043240005,0.9370968164018998,0.2525206383946699
2,CMS-20230329-102753,7.5,66.5,26.0,0.0,0.0,9.08338544792181,-158.6,0.8417846908759474,4.085350042327624,0.9482585114111123,0.32753179931925896
2,CMS-20230329-102753,17.2,58.5,24.5,0.0,0.0,10.29271283811911,-154.95,0.8228113243593997,4.7967402836599895,0.9469430256303367,0.39027064538859835
2,CMS-20230329-102753,0.0,9.0,26.0,0.0,0.0,2.80846819399294,-71.325,0.9234559724784387,1.040092064858388,0.9280079709152259,0.07837419469848617
2,CMS-20230329-102753,0.0,6.0,26.0,21.5,0.0,7.278731283640951,-158.825,0.9635852002184879,1.5172108851522919,0.9181604941826624,0.1736881230177108
2,CMS-20230329-102753,3.9000000000000004,50.5,24.5,8.5,0.0,9.632480109784346,-137.4,0.9631910112170985,5.95154207511707,0.7933671313820464,0.3195815033840464
2,CMS-20230329-102753,4.6000000000000005,0.0,26.5,1.0,0.0,0.025402013973030057,-8.674999999999999,0.09858039173287278,1.0484835171150633,0.19582400383649806,1.0862182180461911e-05
2,CMS-20230329-102753,0.0,45.5,26.0,18.0,0.0,7.973270544864283,-139.125,0.9532641681909302,5.69867250098642,0.7743613638882928,0.2742081951974962
2,CMS-20230329-102753,0.0,33.5,30.0,0.0,0.0,8.716924311559405,-128.70000000000002,0.9337139564539614,3.1132965620204733,0.9351613014902279,0.3091085728999719
2,CMS-20230329-102753,6.6000000000000005,74.0,19.5,0.0,0.0,9.054013042866362,-152.275,0.7772493528826111,5.291630810965279,0.9540338168142404,0.42835881388666397
2,CMS-20230329-102753,8.8,34.0,26.5,31.0,0.0,7.972203754780876,-152.225,0.9403560995468712,3.0674022522642836,0.9085184708415577,0.2492121994214932
2,CMS-20230329-102753,0.0,63.0,24.0,13.5,0.0,9.62404419833165,-142.72500000000002,0.967015457091645,5.927137315716082,0.7431443033972365,0.23188990613132288
2,CMS-20230329-102753,4.7,7.0,28.0,40.0,0.0,3.241973540527094,-90.725,0.891708960687023,1.4616121724529194,0.8787561590613133,0.09147339321123192
2,CMS-20230329-102753,0.0,17.5,21.0,61.0,0.0,2.8389876134007634,-94.10000000000001,0.8785727841487885,1.6079427673881221,0.911696535590362,0.09127268370452682
2,CMS-20230329-102753,0.0,0.0,25.5,74.5,0.0,0.06539964394847754,-9.575,0.1870138759710858,0.8285605164288535,0.4998234213716687,0.00022444411969254434
2,CMS-20230329-102753,13.200000000000001,47.0,27.5,0.0,0.0,8.634936719821432,-144.725,0.8841020119870793,3.4796660924771987,0.9426678165606119,0.3193058600660331
2,CMS-20230329-102753,0.0,1.5,13.0,0.0,85.0,0.050496924960967575,-11.375,0.23539635337626535,0.9403138643476877,0.5151760341234563,3.569609580091992e-05
2,CMS-20230329-102753,7.1000000000000005,0.0,0.0,0.0,93.0,0.04816876835639139,-9.325,0.15813888252397332,0.851291102960591,0.47193893004805865,2.901763747813625e-05
2,CMS-20230329-102753,7.9,63.0,21.0,8.0,0.0,9.748085902610631,-153.575,0.9566754763029386,4.976715944318239,0.7766604369557791,0.21374141937788851
2,CMS-20230329-102753,0.0,60.5,33.0,0.0,6.5,10.7143705244993,-173.22500000000002,0.8077380260403006,3.2966904476140315,0.8809100537636536,0.19657450980175625
2,CMS-20230329-102753,0.0,0.0,43.5,7.0,49.5,0.1445664570433372,-20.925,0.3222863472750842,0.8065401234600869,0.7079063516379682,0.002205103402939451
2,CMS-20230329-102753,7.1000000000000005,0.0,50.5,0.0,42.5,0.06498363725386178,-16.2,0.06019211329627855,0.9229097114672309,0.44188973262679665,3.121217164722205e-05
2,CMS-20230329-102753,8.4,49.0,22.5,20.0,0.0,5.871377265714978,-194.2,0.8962489167948244,2.6286977627758734,0.8918184245889925,0.11879435347656388
2,CMS-20230329-102753,0.0,81.0,19.0,0.0,0.0,9.93904313835349,-158.775,0.7807333099039205,5.828818939052182,0.9553200561664417,0.4689979967781499
2,CMS-20230329-102753,0.0,0.0,35.5,12.5,52.5,0.07680025330609001,-13.875,0.19381615613800807,0.8263175954705302,0.6362515351527298,0.00011622934085073663
2,CMS-20230329-102753,6.6000000000000005,0.0,27.0,26.5,0.0,0.051126068330062,-11.625,0.21722858690843674,1.0203297477028295,0.3627684340076201,0.00014574979547988292
2,CMS-20230329-102753,0.0,28.5,52.5,19.0,0.0,8.582251366996276,-191.55,0.9322994882703998,3.723853900694942,0.8382051824233155,0.1302277743941409
2,CMS-20230329-102753,11.9,0.0,46.5,11.0,30.5,0.05101003767220137,-13.75,0.2642111993258681,0.8836562729100896,0.470209229337745,0.00024337807032858672
2,CMS-20230329-102753,0.0,0.0,59.5,17.5,23.0,0.04055839956943769,-12.65,0.11830838825299067,0.8530865742352555,0.21545146817033384,1.4310411601677794e-05
2,CMS-20230329-102753,32.7,0.0,30.0,0.0,37.0,0.07029005129024422,-15.125,0.2153048606938933,0.9820994114375416,0.5512871753442709,0.00036322589596221095
2,CMS-20230329-102753,2.3000000000000003,0.0,48.0,14.5,35.5,0.08811359220096093,-16.474999999999998,0.22568363518825807,0.8761661205438469,0.7572081630191412,0.0003029898616153373
2,CMS-20230329-102753,0.7000000000000001,0.0,28.5,23.5,47.0,0.06525760113018571,-12.825,0.20430807598635642,0.8121836738117658,0.512102987075928,0.00023258121705382767
2,CMS-20230329-102753,0.0,41.5,42.5,16.0,0.0,6.226507469301989,-160.6,0.9371557484099501,4.206701003616326,0.8274953223572316,0.20285627524279232
2,CMS-20230329-102753,0.0,55.5,33.5,11.0,0.0,9.917504292569035,-136.6,0.9601430066631662,6.451300187636356,0.7658863784340413,0.31494922787517277
2,CMS-20230329-102753,0.0,17.0,80.5,3.0,0.0,7.209284087877994,-116.575,0.9511584989148052,2.6085742775104794,0.8180797096881579,0.1887813872800618
2,CMS-20230329-102753,0.0,36.0,0.0,34.5,29.5,5.642356308705854,-116.925,0.8995756084343703,1.5428982705542855,0.8068379689705637,0.11216740385861795
2,CMS-20230329-102753,0.0,0.0,24.0,38.5,37.5,0.07217761662759543,-11.774999999999999,0.24873276320987037,0.8827248266564633,0.7376347181319378,8.442660692338756e-05
2,CMS-20230329-102753,27.400000000000002,62.0,0.0,0.0,10.5,7.961105632164488,-146.25,0.8967062064207477,2.919484106997473,0.9244996429904749,0.2718457240108994
2,CMS-20230329-102753,3.8000000000000003,0.0,12.5,62.5,21.5,0.06250585102885721,-10.95,0.21959729075428266,0.8652255767581194,0.5840767260290706,6.578796287605773e-05
2,CMS-20230329-102753,11.0,0.0,63.0,18.0,8.0,0.04959864234598242,-8.475,0.1130809872395408,0.7769679970357595,0.44258668216347774,1.9095227302248207e-05
2,CMS-20230329-102753,34.1,3.5,33.0,18.5,11.0,0.9634122703572567,-37.099999999999994,0.44956880699988144,1.3375071048728246,0.6919912981483125,0.022117476297850314
2,CMS-20230329-102753,54.6,11.0,34.0,0.5,0.0,4.077571173151814,-82.1,0.8914477286398204,1.8075071268442775,0.8137778213967046,0.08601592161789363
2,CMS-20230329-102753,0.0,0.0,29.0,51.0,20.0,0.07463193136207333,-11.825,0.1394855382850331,0.8236623095855499,0.6806699053449525,5.26975175335355e-05
2,CMS-20230329-102753,31.8,49.0,0.0,0.0,19.0,7.491743010496837,-157.7,0.8700131711268811,4.150235814657331,0.8944420240490206,0.2990657783335626
2,CMS-20230329-102753,42.7,21.5,4.5,31.5,0.0,4.242926568725734,-110.4,0.9299909562325043,1.7780050733118193,0.9181929848277606,0.1651429188168131
2,CMS-20230329-102753,44.400000000000006,0.0,5.5,3.0,47.5,0.05720098195553099,-8.2,0.18497979814867382,0.8515136777102397,0.6333064311031651,0.00013199455918227665
2,CMS-20230329-102753,11.9,8.5,26.5,8.5,44.5,3.70664264991366,-83.825,0.7902530792229725,1.5576346281996423,0.791729884818098,0.07397852056508233
2,CMS-20230329-102753,48.800000000000004,0.0,49.0,2.0,0.0,0.09457402393782563,-15.175,0.20608419643653497,1.0754162412378907,0.6410073758557849,0.00012217789928368808
2,CMS-20230329-102753,0.0,18.5,0.0,73.0,8.5,5.348148070310278,-123.35,0.6129302755667352,8.94519742315477,0.7328053258286691,0.2816263886543933
2,CMS-20230329-102753,66.2,12.0,0.0,0.0,22.0,7.399848979967601,-155.79999999999998,0.889541231240118,2.6257489534465064,0.894387738820994,0.20453275981858404
2,CMS-20230329-102753,0.0,56.5,18.0,0.0,25.5,13.880909695957918,-146.6,0.9478546338145514,2.9239600300181037,0.8785421825123201,0.23918368808040633
2,CMS-20230329-102753,22.400000000000002,0.0,0.0,43.0,34.5,0.0657770008582707,-10.125,0.13361528976130163,0.7825258335028054,0.6876026705912976,5.428224433419004e-05
2,CMS-20230329-102753,0.0,0.0,1.0,44.0,55.0,0.03741422026224801,-8.475,0.07746157188195371,0.9877173957333829,0.4515111384776422,2.465692517440228e-05
2,CMS-20230329-102753,0.0,24.5,28.5,0.0,47.0,14.125400302975534,-166.85,0.9290219567098197,3.609223677415372,0.8889173574100631,0.23632911834128872
2,CMS-20230329-102753,31.5,0.0,14.5,0.0,54.0,0.064916261323475,-16.05,0.22889540586186558,0.8174665421418034,0.6913411576398809,6.403722121548397e-05
2,CMS-20230329-102753,56.0,0.0,0.0,0.0,44.0,0.06205623385277474,-12.275,0.20733316430800605,0.7115860238365486,0.5510012052003268,4.269634342883836e-05
2,CMS-20230329-102753,0.0,0.0,19.5,19.0,61.0,0.07490207437231373,-16.025,0.17902299586797613,0.8312635189923623,0.6532156695515691,5.203892924896495e-05
2,CMS-20230329-102753,0.0,14.5,49.0,8.0,28.0,5.775856394387437,-150.7,0.9301809524588085,1.2179317608679963,0.6998494937321141,0.05142798364618288
2,CMS-20230329-102753,59.7,0.0,40.5,0.0,0.0,0.9909115112895035,-42.474999999999994,0.7755588456824134,4.355694811997157,0.6292687423704946,0.01371707532742352
2,CMS-20230329-102753,13.3,6.5,18.5,1.5,60.5,2.49469572176316,-75.575,0.7518627566679723,1.5686193970663949,0.7892388716063669,0.05010245799802766
2,CMS-20230329-102753,0.0,21.5,39.0,0.0,39.5,11.467521705775564,-165.15,0.9356736597089558,2.9525864159265613,0.892553425210642,0.21172187127308098
2,CMS-20230329-102753,19.1,0.0,55.0,0.0,26.0,0.0849749952369412,-18.925,0.07299597537547253,0.8557429387711376,0.4000708623129035,7.007730010467733e-05
2,CMS-20230329-102753,8.5,9.0,55.0,0.0,27.5,12.410545836202145,-148.45,0.9459563932771945,2.8698872304991285,0.9255454449174135,0.2671104544970628
2,CMS-20230329-102753,10.4,8.5,32.5,48.5,0.0,2.2795892769977018,-88.0,0.8949986161990399,1.2683862935022623,0.8483398723485008,0.05289809035923511
2,CMS-20230329-102753,20.8,0.0,42.0,0.0,37.0,0.07187367957293624,-19.0,0.029688537740881454,1.3145064329601523,0.5903156221016505,0.0001924088712789087
2,CMS-20230329-102753,11.600000000000001,10.5,0.0,43.0,34.5,1.1438012127685038,-69.325,0.4581138698143222,1.9979364720458794,0.5439642070742623,0.0035055243000780504
2,CMS-20230329-102753,0.0,20.0,0.0,26.5,53.0,0.18620505842324903,-25.625,-0.04012888807762316,1.8421926856472197,0.3703865978157699,2.026517561213596e-05
2,CMS-20230329-102753,8.0,0.0,7.0,33.0,52.0,0.042540933792153006,-8.575,0.1426106923225785,0.7919275300453489,0.5521245333838479,4.572290398295733e-05
2,CMS-20230329-102753,5.800000000000001,40.0,0.0,54.0,0.0,3.137625396189148,-110.05000000000001,0.4712210121662479,4.4663740304159685,0.5526377143312289,0.06250831822439178
2,CMS-20230329-102753,44.5,33.5,22.0,0.0,0.0,6.178624667541269,-127.1,0.6715715325328689,3.274817091656801,0.9534525994215468,0.1483873212289954
2,CMS-20230329-102753,44.400000000000006,38.5,0.0,6.5,10.5,2.393984314879731,-120.85,0.7660115346758443,1.811762962983646,0.810288423955076,0.04734030612889569
2,CMS-20230329-102753,22.900000000000002,50.0,27.0,0.0,0.0,7.408024970976791,-142.72500000000002,0.832501266524382,3.4426594905895276,0.9514441504806244,0.309249783007406
2,CMS-20230329-102753,22.8,29.0,0.0,0.5,47.5,2.766025108475212,-117.125,0.5307406922540615,1.050709850141128,0.8192866347796471,0.011977672920766177
2,CMS-20230329-102753,13.9,31.0,6.5,11.5,37.0,3.204610367575194,-96.82499999999999,0.7534391479582847,1.4329306367853851,0.6961669015685386,0.030784376504845532
2,CMS-20230329-102753,24.5,19.5,39.0,0.0,17.0,10.46825606503884,-121.8,0.9297439065843092,3.6132690867947765,0.8714671421485909,0.31051239082188326
2,CMS-20230329-102753,21.8,0.0,33.0,45.5,0.0,0.03980407505241813,-7.2,0.1778641168290454,0.9076756751729025,0.5630222639112519,8.228812883576768e-05
2,CMS-20230329-102753,3.8000000000000003,0.0,0.0,31.5,65.0,0.035489119102842664,-5.1499999999999995,0.15790545391503683,0.9787138100823722,0.4972079934026827,5.369446965160422e-05
2,CMS-20230329-102753,0.0,22.5,18.0,43.0,16.0,7.645187570000322,-126.47500000000001,0.9142410105069351,2.20986315343574,0.8744280705954459,0.22466689209266927
2,CMS-20230329-102753,0.0,0.0,52.0,38.5,9.5,0.09736778011543815,-14.774999999999999,0.22965757793977737,0.9071959860445171,0.7986181602258047,0.00023182627908081756
2,CMS-20230329-102753,11.4,0.0,35.5,10.0,42.5,0.07041436754378588,-19.025,0.28275032713013737,0.9461595966906451,0.5956168950402314,0.00036549506981535426
2,CMS-20230329-102753,25.8,14.0,24.0,36.5,0.0,4.8205436101812555,-99.425,0.9189063125529823,1.7217909974609726,0.9179893442978457,0.1887167155378861
2,CMS-20230329-102753,0.0,0.0,33.0,39.0,28.0,0.06392312834189315,-11.149999999999999,0.19713884461876385,0.9628035503041987,0.5312560436492593,0.00018260317972564174
2,CMS-20230329-102753,34.0,24.5,9.0,25.0,7.5,5.808320592817678,-116.75,0.8982118205929229,1.841068639851301,0.8849307044759882,0.20974112355350868
2,CMS-20230329-102753,11.5,21.5,35.0,7.0,25.0,3.401798584090369,-116.00000000000001,0.8488595345418611,1.1495423496027017,0.6703367080850786,0.02969831325633195
2,CMS-20230329-102753,9.8,0.0,27.5,0.0,62.5,0.033990100896028455,-7.1000000000000005,0.13697616693225764,1.0109125296829387,0.406717097824968,4.4003109005202724e-05
2,CMS-20230329-102753,0.0,2.5,15.5,69.5,12.5,0.0733489067080543,-12.675,0.3218417789530873,0.795880239197188,0.5761440327534049,0.000408767276022438
2,CMS-20230329-102753,54.900000000000006,0.0,10.0,0.0,35.0,0.07690675513959791,-13.675,0.26258628765242165,0.8733673304471641,0.6461636261272399,0.000472880326288596
2,CMS-20230329-102753,0.0,28.0,31.0,33.5,7.5,6.4841560525149085,-140.65,0.92984525849195,1.454132584999548,0.8849675027228266,0.17507091227917077
2,CMS-20230329-102753,0.0,51.0,31.0,0.0,18.0,12.469334857564514,-140.875,0.8909346947033414,3.8632088388479926,0.8731101794957022,0.29885725142184627
2,CMS-20230329-102753,10.0,10.0,20.0,5.0,5.0,8.17333094485256,-119.05000000000001,0.9609478115666583,0.8434701315699719,0.8588689375085692,0.15612696907362644
2,CMS-20230329-102753,5.9,75.0,2.5,13.0,0.5,11.994771878891731,-152.9,0.9688410030944832,6.545383651939286,0.805955053699551,0.3420361607371791
3,CMS-20230329-102753,0.0,57.0,31.5,10.0,0.0,11.390184797721526,-160.225,0.9453620788668196,4.900538355695311,0.8993568437401558,0.3590697981520678
3,CMS-20230329-102753,8.8,53.5,28.0,9.5,0.0,10.857315965948,-162.875,0.9291863452748821,4.3518517265652354,0.8938743790926884,0.2984490493473795
3,CMS-20230329-102753,0.0,48.0,26.5,9.5,0.0,11.094716751359158,-141.8,0.9670901916294228,4.77950095510651,0.9068141181658562,0.41159367626936516
3,CMS-20230329-102753,0.0,64.5,25.0,10.0,0.0,12.057617309226808,-164.39999999999998,0.9667591391454318,4.927244458540643,0.9022497746428529,0.34229595812767977
3,CMS-20230329-102753,0.0,48.5,37.0,10.0,0.0,11.592866141119078,-152.3,0.9674887748761852,5.316430414793278,0.9050055731083958,0.42057897601506267
3,CMS-20230329-102753,0.0,56.0,20.5,9.5,0.0,11.33827794959321,-147.05,0.9549460533932289,5.265289710129605,0.8991641958072476,0.4270971086902956
3,CMS-20230329-102753,9.5,46.5,34.5,9.5,0.0,10.95558851270042,-165.625,0.9622246464019188,3.7774981245234827,0.9159350169240136,0.2687943522562976
3,CMS-20230329-102753,16.3,47.0,27.5,9.5,0.0,11.013781215007548,-161.125,0.9570471716883809,3.8437207960035016,0.9122638895374574,0.28758267345746136
3,CMS-20230329-102753,8.6,61.0,21.0,9.5,0.0,12.159579663190915,-160.9,0.9650132778154082,5.316540560642382,0.8990528147382788,0.3774378222226379
3,CMS-20230329-102753,15.9,54.5,20.5,9.5,0.0,11.004643130050866,-169.9,0.9537035749399708,4.412240674844147,0.8945252296896631,0.2779184409687973
3,CMS-20230329-102753,0.0,39.5,32.0,9.5,0.0,10.332068190610286,-140.225,0.9642964543486557,4.360321584857056,0.9101038425687262,0.37892948919808667
3,CMS-20230329-102753,6.9,48.5,19.5,9.5,0.0,11.330190308584378,-154.72500000000002,0.9643640983695234,4.409338958424801,0.9145582210979144,0.3480318522576042
3,CMS-20230329-102753,1.2000000000000002,64.5,15.5,10.0,0.0,11.609232993940267,-149.3,0.9465164524249141,5.372399037900235,0.8997914894112851,0.42153493031480094
3,CMS-20230329-102753,0.0,53.5,26.5,9.5,8.5,12.968656013801668,-164.2,0.9544268288736057,2.037059382370035,0.9089959954379805,0.18494651879040694
3,CMS-20230329-102753,3.7,46.5,32.5,9.5,8.0,13.081080200577059,-172.5,0.9675896151760888,1.7118196115499802,0.9124207179309631,0.15250863094753164
3,CMS-20230329-102753,7.800000000000001,41.5,26.0,9.5,0.0,10.842273987422974,-150.6,0.955571515271854,4.0210648362228,0.9203640510512237,0.33637536424866077
3,CMS-20230329-102753,23.3,47.5,20.5,9.0,0.0,8.917773974068497,-188.575,0.9351816486982456,4.240057360277678,0.8746400370885336,0.18483097881292482
3,CMS-20230329-102753,0.0,40.5,20.0,9.0,0.0,10.008566177514407,-141.9,0.9606294318832957,4.794179524251698,0.9030591871087496,0.4093214994246187
3,CMS-20230329-102753,20.700000000000003,39.0,31.5,9.0,0.0,10.474090973319255,-187.175,0.9451805185425091,3.9032611035359297,0.8963758117046887,0.18751767564923916
3,CMS-20230329-102753,0.0,44.5,46.0,9.5,0.0,11.25400959995967,-159.175,0.9649885703283053,4.188107465457424,0.9177062321802967,0.3108202838023887
3,CMS-20230329-102753,0.0,50.0,12.5,9.5,0.0,10.667397415457629,-151.95,0.9601967072980375,4.563590522109887,0.9052074096596576,0.36992993959179715
3,CMS-20230329-102753,5.9,39.0,40.0,9.5,0.0,10.616587933692125,-139.70000000000002,0.959061294449501,4.540304207980376,0.9098617681616268,0.3897115447015094
3,CMS-20230329-102753,15.200000000000001,46.5,14.5,9.5,0.0,11.018159664257368,-157.92499999999998,0.9594647607449985,4.4710595900194265,0.9073364153181134,0.33904114630525656
3,CMS-20230329-102753,15.100000000000001,61.5,13.5,10.0,0.0,11.888540039718428,-173.275,0.9344697324159383,4.988621116197792,0.8892980993875184,0.2930397561356884
3,CMS-20230329-102753,10.200000000000001,48.0,25.0,9.5,7.5,8.265226561016435,-169.77499999999998,0.9047893179181504,2.2389534122639256,0.8472131661754794,0.13719384343552077
3,CMS-20230329-102753,0.0,47.5,19.0,9.0,7.0,12.50085987493554,-171.07500000000002,0.9541167014080113,1.8213573755336212,0.9231332483664366,0.16289510179461703
3,CMS-20230329-102753,0.0,42.0,40.5,9.5,8.0,13.459503741035103,-172.04999999999998,0.9515117556234802,1.4842567875453703,0.9116621667293379,0.14584112164256924
3,CMS-20230329-102753,13.3,41.0,31.0,8.0,6.5,10.213534018872917,-166.27499999999998,0.9519294892032448,2.381732011969354,0.8403814538146328,0.1457857267687793
3,CMS-20230329-102753,10.100000000000001,34.0,32.5,9.5,0.0,9.604687100758113,-132.70000000000002,0.9635112547939131,4.158959904110214,0.9082716375464572,0.36809392184170875
3,CMS-20230329-102753,16.2,39.0,21.5,9.0,0.0,11.276465238733897,-141.95,0.9537885686347372,4.430113796964707,0.90916118999704,0.3788887206218996
3,CMS-20230329-102753,0.0,40.0,26.0,9.0,8.0,13.19097346091735,-143.275,0.9634220425690426,1.3985641623597658,0.9155149134186524,0.1893701968608914
3,CMS-20230329-102753,0.0,41.5,34.5,0.0,23.5,8.036656897416245,-115.65,0.9103341560042157,1.4159648393364763,0.8723463015579018,0.18877680108466138
3,CMS-20230329-102753,29.3,7.0,10.0,53.5,0.0,0.3193743232669465,-47.5,0.524107394801312,1.087553410358247,0.674248787121688,0.001102810667430649
3,CMS-20230329-102753,50.6,49.5,0.0,0.0,0.0,2.1223314720662096,-99.94999999999999,0.7700336490820401,6.570134015476054,0.9137495339405379,0.17727348468126186
3,CMS-20230329-102753,15.4,26.0,58.5,0.0,0.0,1.8880060254373703,-76.125,0.6799402757157386,0.9859710293291492,0.8838190440845773,0.03297845527784488
3,CMS-20230329-102753,0.0,33.5,26.5,40.0,0.0,10.398987042587828,-183.45,0.9308900470762815,1.966499300545696,0.9434261366538889,0.13777473377090663
3,CMS-20230329-102753,0.0,74.0,10.0,0.0,16.0,6.181906766508968,-113.575,0.8083937751825865,1.3268488502706235,0.8535891511244262,0.15863283350514457
3,CMS-20230329-102753,0.0,45.5,0.0,51.5,3.0,7.046269173586774,-142.575,0.9318524865738786,1.8024306932337697,0.9126198112218873,0.17783074616509711
3,CMS-20230329-102753,4.6000000000000005,59.0,11.5,8.5,16.5,10.503940155998594,-150.625,0.9551513351342333,1.3243251806089433,0.8090551788122733,0.11598626164673406
3,CMS-20230329-102753,0.5,37.0,11.0,5.0,13.0,12.13731104570958,-142.3,0.9644292143521939,0.8450182516347621,0.840883137652491,0.13253871823421495
3,CMS-20230329-102753,0.0,55.0,45.0,0.0,0.0,4.626833947517345,-120.875,0.7810861270357146,1.8914495322208995,0.9036300338772983,0.12155224040092977
3,CMS-20230329-102753,43.0,0.0,0.0,57.0,0.0,0.19612698808719187,-27.55,0.1686297958275893,0.9861630378594777,0.5492282597088209,5.596008206307478e-05
3,CMS-20230329-102753,38.2,61.5,0.5,0.0,0.0,2.143840202109522,-89.12500000000001,0.6995002762820004,4.00414278718902,0.8686466248792627,0.0775935620528287
3,CMS-20230329-102753,1.3,40.0,47.5,0.0,11.0,6.172141745820731,-106.225,0.8914578863551411,1.2073893580905533,0.8537336799673221,0.159055450540683
3,CMS-20230329-102753,0.0,79.0,0.0,20.0,1.0,12.55458136995168,-178.825,0.9674181683423844,4.249383032528794,0.9174630498337168,0.24481454946830944
3,CMS-20230329-102753,0.0,51.5,22.0,26.5,0.0,10.081008147938256,-191.39999999999998,0.9512163187460132,2.9378311749640877,0.9334974402325456,0.1529315607340162
3,CMS-20230329-102753,59.900000000000006,0.0,4.0,36.0,0.0,0.3276109762162142,-39.9,0.34301196642013093,1.121025173090464,0.852217603315371,0.0009869309578848264
3,CMS-20230329-102753,15.9,0.0,0.0,63.5,21.0,0.41845970815011835,-38.125,0.2439749511094596,0.9825710276778933,0.6313030943662032,0.0004014641181245248
3,CMS-20230329-102753,0.0,24.0,0.0,76.0,0.0,5.5820990589248485,-150.7,0.6430394174194258,2.9339911403356482,0.8558329727702617,0.12180094646500245
3,CMS-20230329-102753,7.1000000000000005,50.5,15.5,4.5,22.5,3.432043018613085,-109.82499999999999,0.8673995422912728,1.2825512511220352,0.6345915575179699,0.025434860146281463
3,CMS-20230329-102753,0.0,59.5,11.5,17.0,12.0,8.648579861483674,-168.475,0.9504486702401183,1.8235117358060027,0.883052438549141,0.15264822297472436
3,CMS-20230329-102753,0.0,58.5,0.0,41.5,0.0,6.1524125587301475,-166.22500000000002,0.8367568763092905,1.7160766208141562,0.9241236161516744,0.1475209445035473
3,CMS-20230329-102753,0.0,7.0,26.5,66.5,0.0,1.4794849733354183,-63.375,0.5305077497079053,1.347651680397644,0.8360350159871806,0.06637073226032933
3,CMS-20230329-102753,0.0,63.5,27.0,0.0,9.5,5.116243358293439,-103.94999999999999,0.8705137857539766,1.094327843705055,0.8483029578536734,0.13611380669220985
3,CMS-20230329-102753,0.0,4.5,57.0,39.0,0.0,1.6478645446158922,-118.075,0.8266346011668353,2.0440668249909537,0.7076261427208278,0.018194179333880997
3,CMS-20230329-102753,0.0,19.5,15.0,65.5,0.0,0.24330647375797027,-31.799999999999997,0.4870610174079699,1.2557932481432834,0.5962627158760789,0.0009071057105249449
3,CMS-20230329-102753,51.2,0.0,0.0,49.0,0.0,0.25664725386762377,-33.925,0.2814627617119885,1.0225852928568826,0.7964209978968092,0.0005267455321892485
3,CMS-20230329-102753,0.0,0.0,81.5,18.5,0.0,0.24655981733999432,-33.824999999999996,0.3323757696724997,1.2109560214522928,0.6470819884156919,0.00017115578982537704
3,CMS-20230329-102753,0.0,44.0,9.0,47.0,0.0,7.413849729961013,-153.8,0.9098911636662343,1.7011457336658102,0.9197835614646639,0.18953871310809667
3,CMS-20230329-102753,4.2,0.0,67.5,28.0,0.0,0.2658347761156337,-62.5,0.34471095078499125,0.862888550829449,0.7876505831949672,0.0008168790758164726
3,CMS-20230329-102753,38.300000000000004,46.5,0.0,15.0,0.0,7.499202685627361,-148.475,0.9204665104576276,2.4184991651523964,0.920890582677463,0.2418219749615938
3,CMS-20230329-102753,34.300000000000004,17.0,1.0,48.0,0.0,3.2346817858469743,-107.12500000000001,0.9105458560504174,1.3840625250253633,0.807782248269547,0.07073856385185832
3,CMS-20230329-102753,13.5,57.5,16.5,3.5,9.0,10.994154190135959,-150.75,0.9351024098379862,2.6057199053348716,0.7725201791844112,0.12612113398167224
3,CMS-20230329-102753,28.8,37.0,21.5,12.5,0.0,9.623301052108582,-184.825,0.937897946462741,3.6377701902532262,0.8990335589845384,0.18806444821185675
3,CMS-20230329-102753,0.0,39.0,36.0,25.0,0.0,10.092909400805564,-204.9,0.9427764629609328,2.793838710897752,0.9430393889278139,0.11673815984814226
3,CMS-20230329-102753,0.0,69.5,30.5,0.0,0.0,4.425131648778117,-123.65,0.7816888383271052,1.9481101492040442,0.901901370758629,0.097366742616976
3,CMS-20230329-102753,18.2,78.0,0.0,4.0,0.0,10.30044799104037,-155.85,0.9602325794063642,3.885712644019889,0.8350845594895867,0.2279145124784519
3,CMS-20230329-102753,4.2,62.5,0.0,16.5,17.0,3.9875938078839317,-173.17499999999998,0.8675855334550582,1.2524256164492218,0.9203225711700563,0.08180474139174207
3,CMS-20230329-102753,30.5,27.0,12.0,30.5,0.0,6.0351253524163475,-143.575,0.932477114227816,1.8454083533405345,0.9180889776898037,0.18367901353731675
3,CMS-20230329-102753,8.700000000000001,23.5,46.0,3.0,9.5,9.877448805674526,-136.875,0.919752319499258,1.0257218594707953,0.8006085832511445,0.11471473789067219
3,CMS-20230329-102753,58.1,26.5,1.0,14.5,0.0,6.622696505761334,-137.55,0.9325870184530702,2.0455656034530887,0.9271020072915442,0.21804461043738343
3,CMS-20230329-102753,28.6,0.0,0.0,71.5,0.0,0.26320789838190123,-34.575,0.31060362878012404,0.9546190076244663,0.7112081302819515,0.00019375449191718312
3,CMS-20230329-102753,7.1000000000000005,72.0,0.0,11.5,9.5,5.403405290271493,-197.10000000000002,0.8877868065660913,2.914691845512584,0.8615178506060887,0.09602976608134528
3,CMS-20230329-102753,0.0,61.0,0.0,8.5,30.5,2.8131194188617332,-125.85,0.7699720915137407,1.0162911334386961,0.8085154984438377,0.040209753411506496
3,CMS-20230329-102753,0.0,21.0,56.5,22.5,0.0,8.526046065599196,-189.525,0.9443246377365858,2.2111129681024035,0.9160224970678399,0.1312396541011927
3,CMS-20230329-102753,22.8,62.0,0.0,15.5,0.0,4.455737659582904,-180.475,0.8497209104681052,2.681068144488191,0.9140645780618887,0.12770232228373019
3,CMS-20230329-102753,15.9,0.0,0.0,74.5,9.5,0.22449604641158727,-42.325,0.3539369751756669,1.0313066806591085,0.7334671204001844,0.0004344201724544495
3,CMS-20230329-102753,0.0,50.0,40.0,0.0,10.0,5.228131203519153,-111.94999999999999,0.8755795451552991,1.0910265663085803,0.8427755223300251,0.13622262044731162
3,CMS-20230329-102753,0.0,47.0,29.0,21.0,2.5,8.259836588798155,-183.8,0.9270768479647704,2.433994489439407,0.9165224787431805,0.15147909747987615
3,CMS-20230329-102753,8.6,1.0,35.5,55.0,0.0,0.234488525108342,-43.025,0.35018316651684506,1.203183143609135,0.8157247078270369,0.0003728026058974644
3,CMS-20230329-102753,0.0,4.0,8.0,81.0,7.5,0.25277619441086413,-45.725,0.40152149311321933,1.009554846999355,0.7336069804070776,0.0005609092195350534
3,CMS-20230329-102753,2.1,21.5,52.0,11.0,13.0,8.203727873209811,-146.875,0.9063917068721854,2.4151625645153265,0.7571152277184537,0.11679520995236967
3,CMS-20230329-102753,0.0,43.0,21.5,35.5,0.0,8.337629505923047,-197.42499999999998,0.8789690476875957,1.7134576985003758,0.9344980586118382,0.1039966190703266
3,CMS-20230329-102753,0.0,0.0,0.0,54.0,46.0,0.2346396813894801,-34.800000000000004,0.3690864922645949,0.9687833044595471,0.7961975757659718,0.00038388325933729807
3,CMS-20230329-102753,0.0,36.5,59.0,4.5,0.0,10.908036552059247,-161.025,0.9569437021119138,3.6533132360548173,0.9234650630027206,0.2785279263838439
3,CMS-20230329-102753,0.0,62.5,37.5,0.0,0.0,1.7508410219050483,-95.675,0.6992459979436103,1.528426249376262,0.8334490627541481,0.035090727353975754
3,CMS-20230329-102753,0.0,33.0,0.0,67.0,0.0,4.707157651347332,-145.975,0.5865967906602245,2.655179901072586,0.8166743567125884,0.04370056030686622
3,CMS-20230329-102753,0.0,0.0,1.0,73.0,25.5,0.32496598180843406,-35.45,0.2745207583215794,1.1369685871639574,0.7839967970795645,0.0002447523813665469
3,CMS-20230329-102753,30.900000000000002,0.0,44.0,25.5,0.0,0.29632628904425357,-49.425,0.3649754675059246,1.1711958318374136,0.8527055942153026,0.000856245649012183
3,CMS-20230329-102753,8.200000000000001,30.5,48.5,12.5,0.0,11.292449618899676,-204.425,0.9365409839375529,2.8440727310752383,0.9484513169003275,0.11939702761692575
3,CMS-20230329-102753,7.0,0.0,14.5,69.5,8.5,0.25244010819625257,-52.525,0.42121917013690047,0.8690947243601161,0.8459432389901618,0.0009097723545817709
3,CMS-20230329-102753,15.100000000000001,45.0,40.0,0.0,0.0,1.5201130035489578,-94.1,0.685792850726242,1.389053838969376,0.8429547379078135,0.028355168113730636
3,CMS-20230329-102753,1.2000000000000002,0.0,0.0,16.0,82.5,0.22119815111101565,-39.324999999999996,0.4040973288121242,0.8584600173738808,0.5827969485328459,0.0010406673953319947
3,CMS-20230329-102753,10.0,38.5,51.5,0.0,0.0,1.9322400116414313,-90.0,0.6940549594577077,1.5380495264962897,0.8710495414803688,0.040816092017993244
3,CMS-20230329-102753,10.0,10.0,20.0,5.0,5.0,9.384059583237176,-146.75,0.9392054050988466,1.3170049897778728,0.9354874383701826,0.1947761024806282
3,CMS-20230329-102753,0.0,55.5,33.5,11.0,0.0,12.419838812663077,-157.8,0.9695120929877535,6.186708841051493,0.8837086314052328,0.44440640421235755
4,CMS-20230329-102753,0.0,46.5,24.5,8.5,0.0,10.790042920802646,-135.375,0.9596362324181502,5.556916042838745,0.8636300908173816,0.4235690022046553
4,CMS-20230329-102753,0.0,36.5,25.0,9.0,0.0,9.727318245693443,-132.67499999999998,0.9623523602075071,4.748185226296995,0.8875536161780734,0.4071804830845449
4,CMS-20230329-102753,0.0,42.0,33.5,9.5,0.0,10.557003617308988,-139.525,0.9590742741581135,4.900788706752048,0.8650004709981566,0.35439190295754586
4,CMS-20230329-102753,0.0,56.0,27.0,8.5,0.0,10.742969569380207,-148.225,0.9609407528354484,4.900693574963292,0.8538950464297465,0.32932063309806736
4,CMS-20230329-102753,0.0,41.0,16.5,9.0,0.0,10.52180733842931,-138.175,0.955078068562622,5.0371109076508915,0.8667447653888356,0.3901483702597074
4,CMS-20230329-102753,8.4,42.0,21.5,8.5,0.0,10.707110258286438,-147.925,0.9645218629478189,4.979608170376681,0.8879192031621351,0.39601886190931523
4,CMS-20230329-102753,0.0,51.5,35.5,9.5,0.0,11.353769665480591,-153.675,0.934776944929228,4.570229918911616,0.8725213258860888,0.32542670371145493
4,CMS-20230329-102753,8.5,27.0,19.5,36.5,5.5,9.09762373022535,-144.05,0.9482481184531891,1.1790848915181118,0.927167539978084,0.174782873044409
4,CMS-20230329-102753,0.0,53.0,17.5,8.0,0.0,10.825539862763273,-141.55,0.9648614056454337,5.167452540426916,0.8644352651047658,0.3818471140640578
4,CMS-20230329-102753,8.200000000000001,52.0,23.0,8.0,0.0,10.96643415237006,-151.07500000000002,0.9606918395002724,4.802453573293617,0.8749040356725121,0.34524336906656894
4,CMS-20230329-102753,5.4,61.0,20.0,7.5,0.0,11.08514010943351,-151.775,0.9632388298669532,4.949326834186781,0.8584714933410145,0.32429886599861246
4,CMS-20230329-102753,7.1000000000000005,47.5,13.5,8.5,0.0,10.477014266181222,-144.2,0.9661341178661308,5.11375259769108,0.879319700644895,0.4012908543628253
4,CMS-20230329-102753,0.0,31.0,17.0,9.5,0.0,8.695798680771672,-119.82499999999999,0.9643126777422866,4.514951607236453,0.885925330450357,0.39505292520832447
4,CMS-20230329-102753,0.0,26.5,26.0,10.0,0.0,8.3452477642487,-126.79999999999998,0.9624301725244473,3.707538743338946,0.9028294187879278,0.33288527205972634
4,CMS-20230329-102753,0.0,32.0,34.0,10.0,0.0,10.08049849745387,-126.64999999999999,0.9641677473932244,4.776054509259533,0.8944168021761771,0.4076796585208447
4,CMS-20230329-102753,8.8,46.0,31.0,9.0,0.0,12.088281996569565,-162.05,0.956886067531954,4.540460039570237,0.889920597446906,0.3084921568332261
4,CMS-20230329-102753,8.200000000000001,36.0,13.5,9.0,0.0,9.40581486915245,-135.9,0.9562859946179665,4.111051176611054,0.8959076748479851,0.34743166804016185
4,CMS-20230329-102753,12.0,56.0,14.5,7.5,0.0,10.951998953759471,-149.0,0.9605777328739378,4.950630194701833,0.8614364766379906,0.3448335770622658
4,CMS-20230329-102753,8.700000000000001,32.0,23.0,9.0,0.0,10.164890814023805,-143.20000000000002,0.9589569022219295,4.408264930231648,0.8977227491196254,0.3669137470722392
4,CMS-20230329-102753,0.0,37.5,42.5,10.0,0.0,11.083673886440309,-154.95,0.9601581025287729,4.139776058850152,0.9035366967120216,0.31531515615762307
4,CMS-20230329-102753,16.0,47.5,18.5,8.0,0.0,11.99795142910823,-167.15,0.9516663840988935,4.428390117181621,0.8903146098437034,0.2831557251996435
4,CMS-20230329-102753,0.0,35.5,8.0,9.5,0.0,8.926409061470647,-131.025,0.9671547502070555,4.543090821013284,0.8804002811225125,0.384597877763691
4,CMS-20230329-102753,15.0,42.0,10.0,8.5,0.0,9.884708856444746,-158.325,0.9594569489668029,3.819143986819862,0.8938308185055939,0.2850771221283535
4,CMS-20230329-102753,0.0,61.5,11.5,8.0,0.0,11.680580631274188,-151.15,0.9605623786198105,5.229843995040215,0.8672182539691361,0.36836560659693235
4,CMS-20230329-102753,0.0,21.0,17.5,10.0,0.0,7.015149033057162,-112.2,0.9576459946362318,2.822270230408011,0.8992215888471609,0.2798653939274857
4,CMS-20230329-102753,0.0,16.5,26.5,10.5,0.0,6.432344079220854,-127.675,0.9494126705618581,2.0361944587380636,0.9077343407378625,0.23471031354686214
4,CMS-20230329-102753,5.5,55.0,7.0,8.5,0.0,11.198840785972791,-158.29999999999998,0.9623128700772585,4.63268188821323,0.885792683529659,0.32372488052058224
4,CMS-20230329-102753,0.0,25.5,8.5,10.0,0.0,7.579781373534598,-125.89999999999999,0.9623962130738664,3.6369609657180155,0.9006875513300614,0.3376553935280761
4,CMS-20230329-102753,9.0,36.0,32.0,9.5,0.0,10.814688487167276,-160.625,0.9568473627917983,3.644470777798417,0.9213366603276201,0.27633668304899983
4,CMS-20230329-102753,16.7,37.0,18.5,8.5,0.0,13.011935812545524,-176.625,0.9573276525697807,4.14274206735194,0.9062095445541961,0.24387073523949734
4,CMS-20230329-102753,0.0,47.0,44.5,8.5,0.0,12.08190316446007,-152.725,0.9627076173155859,4.845600188617603,0.8970062425212953,0.36368688590614817
4,CMS-20230329-102753,31.8,27.5,18.0,23.0,0.0,7.872012177638431,-171.225,0.9459384197115028,2.125292579105744,0.9388624677929021,0.16888396806754252
4,CMS-20230329-102753,0.0,35.0,21.0,2.5,41.0,4.261533795398505,-101.725,0.8735827671300233,1.3991019108167064,0.5748783917974264,0.024978788401813216
4,CMS-20230329-102753,38.400000000000006,37.0,0.0,0.0,24.5,9.544936214791436,-153.875,0.9221330104982981,2.1768354005089,0.8657199464406731,0.17982570575921442
4,CMS-20230329-102753,4.7,47.5,31.5,0.0,16.5,11.455589504618015,-150.475,0.9233981530046874,1.2987134909447178,0.7995506762184185,0.11183938458303966
4,CMS-20230329-102753,54.300000000000004,0.0,0.0,21.0,25.0,0.175431720224688,-32.575,0.41577683935089343,1.0468306319495044,0.3259770154671259,0.0028674794747444434
4,CMS-20230329-102753,20.6,38.5,33.0,8.0,0.0,12.023011365397535,-170.99999999999997,0.95102317669093,4.5258322074409865,0.8670440794686193,0.25625475227261363
4,CMS-20230329-102753,25.900000000000002,40.5,19.5,14.0,0.0,9.909749913320312,-201.75,0.9461902803610827,3.2628218955014177,0.9074368746315937,0.13276406444433475
4,CMS-20230329-102753,28.6,0.0,0.0,48.0,23.5,0.09811832142009727,-23.849999999999998,0.31468179608625174,1.0574920766249283,0.36326488061821893,9.572183738902108e-05
4,CMS-20230329-102753,0.0,0.0,59.0,0.0,41.0,0.07122398804875567,-20.749999999999996,0.2575503301569854,1.0099560976178714,0.1808356336520721,1.5648854761329672e-05
4,CMS-20230329-102753,0.0,26.5,0.5,49.0,24.0,3.4570201755595162,-121.975,0.8203254516108976,1.4408185539071048,0.795623007241037,0.0716488533767519
4,CMS-20230329-102753,45.0,0.0,0.0,39.5,15.5,0.0934454350142508,-22.7,0.292066611664605,0.978849159355318,0.23569303303304248,2.7425166807012548e-05
4,CMS-20230329-102753,16.2,52.5,28.0,3.0,0.0,10.84911336543212,-144.625,0.9584465511884404,3.6481885593021905,0.8321532854457255,0.22606754985576802
4,CMS-20230329-102753,0.0,30.5,34.5,2.5,32.5,7.1552005945383055,-132.675,0.9365377338918374,1.3861255463022102,0.6391796259999218,0.051238988835005106
4,CMS-20230329-102753,27.5,0.0,0.0,25.0,47.5,0.20717641229540718,-27.3,0.3080273032122185,1.1510976189378819,0.5254909687792921,0.00010852320757822702
4,CMS-20230329-102753,0.0,0.0,0.0,28.0,72.0,0.08243624149588344,-20.525,0.23751516456427896,1.043077874932306,0.2696998102491841,2.5510911521463752e-05
4,CMS-20230329-102753,0.0,9.5,34.5,0.0,56.0,12.048000683639653,-158.875,0.9466832003475368,1.6851565083610804,0.9296610439029691,0.15453547748565766
4,CMS-20230329-102753,0.0,9.5,27.5,42.5,20.0,6.771619975039508,-141.0,0.9095675140784703,1.3157644809294418,0.8990624798599274,0.16449946903089935
4,CMS-20230329-102753,8.4,40.0,0.0,22.5,29.0,2.330732724327542,-136.05,0.7403487662970025,1.2337421281800134,0.8305236623647589,0.036793603562643475
4,CMS-20230329-102753,42.400000000000006,7.5,0.0,27.0,22.5,4.438180961625973,-116.02499999999999,0.8294738737046878,1.7552167081889647,0.7958606069761271,0.10695846156307616
4,CMS-20230329-102753,0.0,18.5,0.0,34.5,47.0,0.17857365992530547,-29.799999999999997,0.06507921667113681,1.2119474273364164,0.3416225528565421,2.6594926570061047e-05
4,CMS-20230329-102753,6.300000000000001,36.5,0.0,36.0,21.5,2.802114005425634,-108.875,0.5788057279582951,1.5406936974808363,0.8007475967604973,0.08038954163956302
4,CMS-20230329-102753,39.7,49.0,0.0,11.0,0.0,6.509379118807803,-178.8,0.8869857696300268,2.3044125550986068,0.9020384897297811,0.14607359732542707
4,CMS-20230329-102753,2.8000000000000003,0.0,48.5,0.0,49.0,0.06980958808832112,-23.175,0.13079972222955047,1.127415334812773,0.2375472990868019,1.879043591024772e-05
4,CMS-20230329-102753,45.300000000000004,30.5,0.0,24.0,0.0,6.216944105742516,-170.64999999999998,0.8586548547207722,1.254009860205304,0.9078177798134541,0.1299833365380146
4,CMS-20230329-102753,0.5,47.0,0.0,43.0,9.0,4.683727325646981,-143.225,0.8306151598633265,1.4729090280050237,0.9170874680099735,0.11917876010657673
4,CMS-20230329-102753,0.0,6.0,0.0,14.5,79.5,0.06163220425973469,-23.325,0.23225333065584328,1.0593572248325411,0.14458180635135412,1.5983976318532597e-05
4,CMS-20230329-102753,25.400000000000002,1.5,6.5,41.5,25.0,0.14483860489883607,-35.475,0.3856680994270546,1.0242935207384465,0.2797499759898433,9.531723013533503e-05
4,CMS-20230329-102753,0.0,0.0,33.5,52.5,14.0,0.10234528524494978,-25.675,0.2958783588038537,1.0774741139985102,0.2955854572349478,3.779924212451751e-05
4,CMS-20230329-102753,0.0,30.0,0.0,27.5,42.5,1.1749812256014662,-107.72500000000001,0.5339167020047568,1.015399316419339,0.876869084286628,0.012708645920943925
4,CMS-20230329-102753,0.0,0.0,49.5,29.5,21.0,0.08804312424625069,-20.2,0.28770340730944177,0.9897319457993998,0.3489051348098617,2.537807723236876e-05
4,CMS-20230329-102753,0.0,0.0,75.0,0.0,25.0,0.5355512572499701,-105.89999999999999,0.6458640017139328,1.0199265842990353,0.965947619027292,0.0179389874910554
4,CMS-20230329-102753,23.3,52.5,5.0,19.0,0.0,6.379653842053133,-198.05,0.8835475716809913,2.154066637773476,0.9115469118438251,0.10095158802600422
4,CMS-20230329-102753,0.0,12.0,36.5,37.0,14.5,6.983882214585695,-144.97500000000002,0.9279110003742213,1.341133372137845,0.883353827090269,0.12961232715818005
4,CMS-20230329-102753,0.0,40.0,42.5,0.0,17.0,12.580038656445232,-137.875,0.9470135376218004,0.9771052992488739,0.8275223421179271,0.12642789207932076
4,CMS-20230329-102753,66.8,26.5,0.0,6.5,0.0,8.544344976848388,-180.125,0.9169692587795399,3.109603323757474,0.8966489649310573,0.17835118490643165
4,CMS-20230329-102753,29.200000000000003,5.5,24.0,37.0,4.5,2.022575378241948,-87.94999999999999,0.7788766798123677,1.6723546783425967,0.7898855326115812,0.04921623400392936
4,CMS-20230329-102753,29.900000000000002,22.0,32.5,0.0,16.0,12.052836771435736,-123.55000000000001,0.9611909668613262,1.398590458771167,0.8804066331375512,0.1899603079093941
4,CMS-20230329-102753,0.0,20.0,33.5,0.0,46.0,15.772764067559374,-156.425,0.9682136822764054,1.9573714574442485,0.903351828665429,0.19181017314905857
4,CMS-20230329-102753,11.200000000000001,0.0,0.0,58.5,30.0,1.4769028643616955,-45.67499999999999,0.38969053703636625,1.4095718459468016,0.38502001154566157,0.0611333662795987
4,CMS-20230329-102753,0.0,35.0,0.0,46.5,19.0,3.8157868966981368,-128.9,0.8204882172732797,1.327083844603586,0.8321617211697181,0.08562919777171535
4,CMS-20230329-102753,28.3,31.0,0.0,20.5,20.5,3.3414182904757666,-130.2,0.7941392586258834,1.2809299769340805,0.8683085711275748,0.0886327104003139
4,CMS-20230329-102753,0.0,5.0,0.0,60.0,35.0,1.7324557882001872,-89.69999999999999,0.6202094747720728,0.9772661564474988,0.708381373896808,0.038427659549910745
4,CMS-20230329-102753,34.7,18.5,0.0,27.5,19.5,3.199021474040082,-109.625,0.8176480812747267,1.383669425924154,0.74399261643084,0.05784613757671472
4,CMS-20230329-102753,30.400000000000002,0.0,24.5,0.0,45.5,0.10706736711902447,-21.675,0.33300692134695653,1.0229500442763757,0.3441923165867994,6.740369276128264e-05
4,CMS-20230329-102753,59.300000000000004,0.0,0.0,40.5,0.0,0.09466946804367804,-18.65,0.27620572792717735,1.262808451832857,0.37570984509845434,4.822418856633018e-05
4,CMS-20230329-102753,35.2,0.0,0.0,0.0,65.0,0.0843777370931501,-20.975,0.24173925566910762,0.899135550350218,0.29817048267970947,1.4838953499386458e-05
4,CMS-20230329-102753,0.0,43.0,30.5,0.0,26.5,13.370345542461344,-153.375,0.9606595579150942,1.093928089353717,0.8738743197772908,0.14618405663605444
4,CMS-20230329-102753,0.0,11.0,63.5,0.0,25.5,10.622443590944108,-179.97500000000002,0.9599648478269273,1.1777221060546967,0.9367050753333588,0.12693004522194765
4,CMS-20230329-102753,0.0,6.0,41.0,45.5,7.5,2.7234388935964198,-99.675,0.8340816611552002,1.317638906503399,0.7962279094314271,0.06372514399454153
4,CMS-20230329-102753,27.700000000000003,0.0,0.0,61.5,10.5,0.13373684346839307,-28.475,0.3471021738525836,0.9906879913782581,0.4439728515928669,6.055486182044844e-05
4,CMS-20230329-102753,0.0,48.0,13.0,26.0,13.0,6.485050042705,-170.725,0.9159694995824005,1.0547326715500858,0.9020124894196357,0.12666614295803752
4,CMS-20230329-102753,17.7,10.0,0.0,55.5,16.5,5.397787558625738,-146.375,0.8575465935731127,1.4195018580558871,0.8937986492123826,0.15768416570869945
4,CMS-20230329-102753,18.7,0.0,30.0,31.0,20.0,0.15690699952637502,-29.075000000000003,0.3888091917899039,0.8438823650442403,0.422586625839926,8.418882043701635e-05
4,CMS-20230329-102753,21.900000000000002,0.0,0.0,57.0,21.0,0.11149743417730508,-28.975,0.31039766507358835,1.1320647539268558,0.2656394079879786,4.349714451984462e-05
4,CMS-20230329-102753,0.0,0.0,0.0,50.5,49.5,0.09557967029170254,-23.45,0.3436343081567892,1.0346329449581857,0.5238329834519266,9.54062625995204e-05
4,CMS-20230329-102753,0.0,0.0,2.5,75.5,21.5,0.09372799450138398,-22.200000000000003,0.24110711717737512,0.967775327580718,0.387209092378888,2.2137452358702036e-05
4,CMS-20230329-102753,0.0,0.0,15.5,33.0,52.0,0.08976527928189192,-20.325,0.304576590056174,1.0799551807172043,0.3381724615340272,7.887707335856031e-05
4,CMS-20230329-102753,0.0,12.0,0.0,25.5,62.5,1.4818027055755776,-86.275,0.6585307844029568,1.3327185082111794,0.7165411301107726,0.023455219664042105
4,CMS-20230329-102753,31.200000000000003,7.5,0.0,43.0,18.0,5.720114504823646,-142.75,0.8153216398538743,1.0145766676485495,0.8712416501290187,0.13723629987990157
4,CMS-20230329-102753,0.0,0.0,29.0,3.5,67.5,0.07510353693822854,-22.375,0.2869421093614724,1.0117824925675265,0.32301000828853144,3.275659997505477e-05
4,CMS-20230329-102753,0.0,0.0,23.0,49.0,28.5,0.07335380998609595,-23.975,0.2971885762085362,1.0407672412657458,0.2605307440322988,5.7894772986047754e-05
4,CMS-20230329-102753,0.0,7.5,82.5,9.5,0.5,6.155424312251517,-120.02499999999998,0.9534174355526915,1.278590161706574,0.9079938068391,0.193952982548314
4,CMS-20230329-102753,6.300000000000001,0.0,0.0,54.0,40.0,0.10622572730215912,-22.3,0.3423676765558614,1.1500748551578668,0.44457598717693664,6.912117422937313e-05
4,CMS-20230329-102753,10.0,10.0,20.0,5.0,5.0,7.325633384621925,-112.52499999999999,0.9627894654963591,1.368453851309715,0.896406680685407,0.20499435715728684
4,CMS-20230329-102753,0.0,81.0,19.0,0.0,0.0,12.453528068012377,-158.875,0.9565727859604022,4.308827892794179,0.9106978470767844,0.31815684399957206
